"","messageForPartner","targetObjectName"
"1","blicket","2023-600.jpg"
"2","dax","2025-600.jpg"
"3","fep","2005-600.jpg"
"4","wug","2056-600.jpg"
"5","toma","2006-600.jpg"
"6","kiv","2002-600.jpg"
"7","2001-600.jpg","2001-600.jpg"
"8","toma","2006-600.jpg"
"9","blicket","2023-600.jpg"
"10","kiv","2002-600.jpg"
"11","kreeb","2007-600.jpg"
"12","fep","2005-600.jpg"
"13","gazzer","2009-600.jpg"
"14","kreeb","2007-600.jpg"
"15","wug","2056-600.jpg"
"16","gazzer","2009-600.jpg"
"17","dax","2025-600.jpg"
"18","2001-600.jpg","2001-600.jpg"
"19","kreeg","2023-600.jpg"
"20","2006-600.jpg","2006-600.jpg"
"21","2007-600.jpg","2007-600.jpg"
"22","wug","2025-600.jpg"
"23","gazzer","2005-600.jpg"
"24","2007-600.jpg","2007-600.jpg"
"25","gazzer","2005-600.jpg"
"26","vic","2002-600.jpg"
"27","2006-600.jpg","2006-600.jpg"
"28","mannu","2056-600.jpg"
"29","kreeg","2023-600.jpg"
"30","wug","2025-600.jpg"
"31","dax","2009-600.jpg"
"32","mannu","2056-600.jpg"
"33","2001-600.jpg","2001-600.jpg"
"34","vic","2002-600.jpg"
"35","2001-600.jpg","2001-600.jpg"
"36","dax","2009-600.jpg"
"37","blicket","2002-600.jpg"
"38","2001-600.jpg","2001-600.jpg"
"39","wux","2056-600.jpg"
"40","2009-600.jpg","2009-600.jpg"
"41","2025-600.jpg","2025-600.jpg"
"42","wex","2023-600.jpg"
"43","2006-600.jpg","2006-600.jpg"
"44","gazzer","2005-600.jpg"
"45","wex","2056-600.jpg"
"46","blicket","2002-600.jpg"
"47","gazzer","2005-600.jpg"
"48","2009-600.jpg","2009-600.jpg"
"49","2007-600.jpg","2007-600.jpg"
"50","2023-600.jpg","2023-600.jpg"
"51","2007-600.jpg","2007-600.jpg"
"52","2006-600.jpg","2006-600.jpg"
"53","2001-600.jpg","2001-600.jpg"
"54","2025-600.jpg","2025-600.jpg"
"55","2001-600.jpg","2001-600.jpg"
"56","2009-600.jpg","2009-600.jpg"
"57","2005-600.jpg","2005-600.jpg"
"58","2023-600.jpg","2023-600.jpg"
"59","2025-600.jpg","2025-600.jpg"
"60","2056-600.jpg","2056-600.jpg"
"61","2006-600.jpg","2006-600.jpg"
"62","2002-600.jpg","2002-600.jpg"
"63","2009-600.jpg","2009-600.jpg"
"64","2002-600.jpg","2002-600.jpg"
"65","2007-600.jpg","2007-600.jpg"
"66","2023-600.jpg","2023-600.jpg"
"67","2005-600.jpg","2005-600.jpg"
"68","2025-600.jpg","2025-600.jpg"
"69","2006-600.jpg","2006-600.jpg"
"70","2056-600.jpg","2056-600.jpg"
"71","2001-600.jpg","2001-600.jpg"
"72","2007-600.jpg","2007-600.jpg"
"73","2007-600.jpg","2007-600.jpg"
"74","bottomlef","2001-600.jpg"
"75","2023-600.jpg","2023-600.jpg"
"76","2001-600.jpg","2001-600.jpg"
"77","kiv","2056-600.jpg"
"78","bleeker","2007-600.jpg"
"79","glazzer","2006-600.jpg"
"80","2009-600.jpg","2009-600.jpg"
"81","dax","2002-600.jpg"
"82","kiv","2056-600.jpg"
"83","dax","2002-600.jpg"
"84","manu","2005-600.jpg"
"85","2025-600.jpg","2025-600.jpg"
"86","2023-600.jpg","2023-600.jpg"
"87","manu","2005-600.jpg"
"88","2025-600.jpg","2025-600.jpg"
"89","glazzer","2006-600.jpg"
"90","2009-600.jpg","2009-600.jpg"
"91","wug","2056-600.jpg"
"92","blicket","2001-600.jpg"
"93","manu","2023-600.jpg"
"94","kiv","2025-600.jpg"
"95","dax","2009-600.jpg"
"96","gazzer","2005-600.jpg"
"97","blicket","2001-600.jpg"
"98","gazzer","2005-600.jpg"
"99","wug","2056-600.jpg"
"100","kiv","2025-600.jpg"
"101","manu","2023-600.jpg"
"102","fep","2006-600.jpg"
"103","dax","2009-600.jpg"
"104","kreeb","2007-600.jpg"
"105","toma","2002-600.jpg"
"106","fep","2006-600.jpg"
"107","kreeb","2007-600.jpg"
"108","toma","2002-600.jpg"
"109","2009-600.jpg","2009-600.jpg"
"110","2056-600.jpg","2056-600.jpg"
"111","2007-600.jpg","2007-600.jpg"
"112","2023-600.jpg","2023-600.jpg"
"113","fep","2025-600.jpg"
"114","gazzer","2005-600.jpg"
"115","2056-600.jpg","2056-600.jpg"
"116","2006-600.jpg","2006-600.jpg"
"117","blicket","2002-600.jpg"
"118","2001-600.jpg","2001-600.jpg"
"119","dax","2006-600.jpg"
"120","2007-600.jpg","2007-600.jpg"
"121","2023-600.jpg","2023-600.jpg"
"122","gazzer","2005-600.jpg"
"123","blicket","2002-600.jpg"
"124","kiv","2009-600.jpg"
"125","fep","2025-600.jpg"
"126","2001-600.jpg","2001-600.jpg"
"127","kreeb","2009-600.jpg"
"128","toma","2007-600.jpg"
"129","2025-600.jpg","2025-600.jpg"
"130","toma","2007-600.jpg"
"131","manu","2005-600.jpg"
"132","kreeb","2009-600.jpg"
"133","kiv","2056-600.jpg"
"134","wug","2006-600.jpg"
"135","dax","2001-600.jpg"
"136","gazzer","2002-600.jpg"
"137","fep","2023-600.jpg"
"138","manu","2005-600.jpg"
"139","gazzer","2002-600.jpg"
"140","dax","2001-600.jpg"
"141","2025-600.jpg","2025-600.jpg"
"142","kiv","2056-600.jpg"
"143","wug","2006-600.jpg"
"144","fep","2023-600.jpg"
"145","blackwhit","2023-600.jpg"
"146","tri","2009-600.jpg"
"147","bulbo","2007-600.jpg"
"148","tri","2009-600.jpg"
"149","capp","2005-600.jpg"
"150","blicket","2006-600.jpg"
"151","crumpaper","2023-600.jpg"
"152","sandall","2025-600.jpg"
"153","glorb","2001-600.jpg"
"154","bluee","2025-600.jpg"
"155","blork","2001-600.jpg"
"156","skitt","2056-600.jpg"
"157","lintt","2002-600.jpg"
"158","hatt","2005-600.jpg"
"159","2002-600.jpg","2002-600.jpg"
"160","2007-600.jpg","2007-600.jpg"
"161","2006-600.jpg","2006-600.jpg"
"162","2056-600.jpg","2056-600.jpg"
"163","toma","2006-600.jpg"
"164","2007-600.jpg","2007-600.jpg"
"165","gazzer","2025-600.jpg"
"166","honeycolr","2001-600.jpg"
"167","gazzer","2025-600.jpg"
"168","2002-600.jpg","2002-600.jpg"
"169","2005-600.jpg","2005-600.jpg"
"170","2001-600.jpg","2001-600.jpg"
"171","toma","2006-600.jpg"
"172","dax","2023-600.jpg"
"173","2056-600.jpg","2056-600.jpg"
"174","2009-600.jpg","2009-600.jpg"
"175","dax","2023-600.jpg"
"176","2002-600.jpg","2002-600.jpg"
"177","2005-600.jpg","2005-600.jpg"
"178","2056-600.jpg","2056-600.jpg"
"179","2009-600.jpg","2009-600.jpg"
"180","2007-600.jpg","2007-600.jpg"
"181","2009-600.jpg","2009-600.jpg"
"182","2007-600.jpg","2007-600.jpg"
"183","dax","2002-600.jpg"
"184","fep","2056-600.jpg"
"185","2009-600.jpg","2009-600.jpg"
"186","kiv","2005-600.jpg"
"187","gazzer","2006-600.jpg"
"188","toma","2025-600.jpg"
"189","2007-600.jpg","2007-600.jpg"
"190","blicket","2023-600.jpg"
"191","toma","2025-600.jpg"
"192","fep","2056-600.jpg"
"193","dax","2002-600.jpg"
"194","2001-600.jpg","2001-600.jpg"
"195","blicket","2023-600.jpg"
"196","kiv","2005-600.jpg"
"197","2001-600.jpg","2001-600.jpg"
"198","gazzer","2006-600.jpg"
"199","kiv","2025-600.jpg"
"200","bicket","2006-600.jpg"
"201","wug","2005-600.jpg"
"202","fep","2002-600.jpg"
"203","dax","2009-600.jpg"
"204","kreeb","2007-600.jpg"
"205","toma","2056-600.jpg"
"206","dax","2009-600.jpg"
"207","wug","2005-600.jpg"
"208","bicket","2006-600.jpg"
"209","fep","2002-600.jpg"
"210","kreeb","2007-600.jpg"
"211","gazzer","2001-600.jpg"
"212","kiv","2025-600.jpg"
"213","manu","2023-600.jpg"
"214","toma","2056-600.jpg"
"215","manu","2023-600.jpg"
"216","gazzer","2001-600.jpg"
"217","bluething","2025-600.jpg"
"218","blackbulb","2007-600.jpg"
"219","wug","2009-600.jpg"
"220","toma","2005-600.jpg"
"221","kreeble","2001-600.jpg"
"222","2025-600.jpg","2025-600.jpg"
"223","2056-600.jpg","2056-600.jpg"
"224","2002-600.jpg","2002-600.jpg"
"225","2007-600.jpg","2007-600.jpg"
"226","dax","2023-600.jpg"
"227","wug","2009-600.jpg"
"228","2056-600.jpg","2056-600.jpg"
"229","2002-600.jpg","2002-600.jpg"
"230","nik","2006-600.jpg"
"231","2001-600.jpg","2001-600.jpg"
"232","nik","2006-600.jpg"
"233","toma","2005-600.jpg"
"234","dax","2023-600.jpg"
"235","2005-600.jpg","2005-600.jpg"
"236","fep","2025-600.jpg"
"237","kiv","2023-600.jpg"
"238","blicket","2002-600.jpg"
"239","toma","2006-600.jpg"
"240","2007-600.jpg","2007-600.jpg"
"241","wug","2009-600.jpg"
"242","toma","2006-600.jpg"
"243","2001-600.jpg","2001-600.jpg"
"244","fep","2025-600.jpg"
"245","2005-600.jpg","2005-600.jpg"
"246","kiv","2023-600.jpg"
"247","blicket","2002-600.jpg"
"248","2001-600.jpg","2001-600.jpg"
"249","wug","2009-600.jpg"
"250","kreeb","2056-600.jpg"
"251","2007-600.jpg","2007-600.jpg"
"252","kreeb","2056-600.jpg"
"253","pinkyellw","2005-600.jpg"
"254","gazzer","2001-600.jpg"
"255","bleek","2009-600.jpg"
"256","bick","2007-600.jpg"
"257","monu","2005-600.jpg"
"258","2007-600.jpg","2007-600.jpg"
"259","2009-600.jpg","2009-600.jpg"
"260","dax","2006-600.jpg"
"261","blicket","2002-600.jpg"
"262","2056-600.jpg","2056-600.jpg"
"263","monu","2025-600.jpg"
"264","2023-600.jpg","2023-600.jpg"
"265","monu","2025-600.jpg"
"266","2023-600.jpg","2023-600.jpg"
"267","gazzer","2001-600.jpg"
"268","dax","2006-600.jpg"
"269","blicket","2002-600.jpg"
"270","2056-600.jpg","2056-600.jpg"
"271","2056-600.jpg","2056-600.jpg"
"272","2005-600.jpg","2005-600.jpg"
"273","2001-600.jpg","2001-600.jpg"
"274","2025-600.jpg","2025-600.jpg"
"275","2006-600.jpg","2006-600.jpg"
"276","2007-600.jpg","2007-600.jpg"
"277","2005-600.jpg","2005-600.jpg"
"278","2023-600.jpg","2023-600.jpg"
"279","2025-600.jpg","2025-600.jpg"
"280","2009-600.jpg","2009-600.jpg"
"281","2007-600.jpg","2007-600.jpg"
"282","2009-600.jpg","2009-600.jpg"
"283","2056-600.jpg","2056-600.jpg"
"284","2006-600.jpg","2006-600.jpg"
"285","2023-600.jpg","2023-600.jpg"
"286","2002-600.jpg","2002-600.jpg"
"287","2001-600.jpg","2001-600.jpg"
"288","2025-600.jpg","2002-600.jpg"
"289","gazzer","2002-600.jpg"
"290","kiv","2009-600.jpg"
"291","dontknow","2023-600.jpg"
"292","manu","2007-600.jpg"
"293","kreeb","2005-600.jpg"
"294","dontknow","2006-600.jpg"
"295","dax","2001-600.jpg"
"296","dontknow","2006-600.jpg"
"297","wug","2056-600.jpg"
"298","biquet","2025-600.jpg"
"299","dontknow","2023-600.jpg"
"300","kiv","2009-600.jpg"
"301","kazzer","2002-600.jpg"
"302","kreeb","2005-600.jpg"
"303","biggget","2025-600.jpg"
"304","wug","2056-600.jpg"
"305","manu","2007-600.jpg"
"306","dax","2001-600.jpg"
"307","toma","2023-600.jpg"
"308","2006-600.jpg","2006-600.jpg"
"309","2009-600.jpg","2009-600.jpg"
"310","toma","2023-600.jpg"
"311","gazzer","2005-600.jpg"
"312","2009-600.jpg","2009-600.jpg"
"313","2002-600.jpg","2002-600.jpg"
"314","fep","2001-600.jpg"
"315","2056-600.jpg","2056-600.jpg"
"316","2002-600.jpg","2002-600.jpg"
"317","wug","2007-600.jpg"
"318","gazzer","2005-600.jpg"
"319","wug","2007-600.jpg"
"320","2006-600.jpg","2006-600.jpg"
"321","kreeb","2025-600.jpg"
"322","2056-600.jpg","2056-600.jpg"
"323","fep","2001-600.jpg"
"324","kreeb","2025-600.jpg"
"325","kreeb","2007-600.jpg"
"326","blicket","2002-600.jpg"
"327","gazzer","2009-600.jpg"
"328","manu","2005-600.jpg"
"329","2056-600.jpg","2056-600.jpg"
"330","fep","2025-600.jpg"
"331","manu","2005-600.jpg"
"332","blicket","2002-600.jpg"
"333","kiv","2001-600.jpg"
"334","gazzer","2009-600.jpg"
"335","2023-600.jpg","2023-600.jpg"
"336","kreeb","2007-600.jpg"
"337","dax","2006-600.jpg"
"338","fep","2025-600.jpg"
"339","dax","2006-600.jpg"
"340","2056-600.jpg","2056-600.jpg"
"341","kiv","2001-600.jpg"
"342","2023-600.jpg","2023-600.jpg"
"343","2002-600.jpg","2002-600.jpg"
"344","dax","2009-600.jpg"
"345","toma","2005-600.jpg"
"346","kiv","2056-600.jpg"
"347","toma","2005-600.jpg"
"348","kreeb","2002-600.jpg"
"349","wug","2023-600.jpg"
"350","dricket","2007-600.jpg"
"351","2025-600.jpg","2025-600.jpg"
"352","2006-600.jpg","2006-600.jpg"
"353","2001-600.jpg","2001-600.jpg"
"354","wug","2023-600.jpg"
"355","2006-600.jpg","2006-600.jpg"
"356","dricket","2007-600.jpg"
"357","kiv","2056-600.jpg"
"358","2025-600.jpg","2025-600.jpg"
"359","2001-600.jpg","2001-600.jpg"
"360","dax","2009-600.jpg"
"361","2007-600.jpg","2007-600.jpg"
"362","2025-600.jpg","2025-600.jpg"
"363","2005-600.jpg","2005-600.jpg"
"364","2001-600.jpg","2001-600.jpg"
"365","2007-600.jpg","2007-600.jpg"
"366","2002-600.jpg","2002-600.jpg"
"367","2023-600.jpg","2023-600.jpg"
"368","2056-600.jpg","2056-600.jpg"
"369","2002-600.jpg","2002-600.jpg"
"370","2005-600.jpg","2005-600.jpg"
"371","2023-600.jpg","2023-600.jpg"
"372","2006-600.jpg","2006-600.jpg"
"373","2056-600.jpg","2056-600.jpg"
"374","2009-600.jpg","2009-600.jpg"
"375","2001-600.jpg","2001-600.jpg"
"376","2006-600.jpg","2006-600.jpg"
"377","2025-600.jpg","2025-600.jpg"
"378","2009-600.jpg","2009-600.jpg"
"379","toma","2005-600.jpg"
"380","dax","2023-600.jpg"
"381","groz","2009-600.jpg"
"382","kvi","2006-600.jpg"
"383","wug","2056-600.jpg"
"384","manu","2025-600.jpg"
"385","fap","2001-600.jpg"
"386","toma","2005-600.jpg"
"387","fap","2001-600.jpg"
"388","2009-600.jpg","2009-600.jpg"
"389","blicket","2007-600.jpg"
"390","kreep","2002-600.jpg"
"391","dax","2023-600.jpg"
"392","manu","2025-600.jpg"
"393","kreep","2002-600.jpg"
"394","blicket","2007-600.jpg"
"395","kiv","2006-600.jpg"
"396","wug","2056-600.jpg"
"397","gazzer","2023-600.jpg"
"398","wabu","2025-600.jpg"
"399","2006-600.jpg","2006-600.jpg"
"400","daz","2005-600.jpg"
"401","kiv","2002-600.jpg"
"402","kreeb","2001-600.jpg"
"403","2006-600.jpg","2006-600.jpg"
"404","2056-600.jpg","2056-600.jpg"
"405","blicket","2007-600.jpg"
"406","daz","2005-600.jpg"
"407","2009-600.jpg","2009-600.jpg"
"408","wabu","2025-600.jpg"
"409","blicket","2007-600.jpg"
"410","gazzer","2023-600.jpg"
"411","kreeb","2001-600.jpg"
"412","2009-600.jpg","2009-600.jpg"
"413","kiv","2002-600.jpg"
"414","2056-600.jpg","2056-600.jpg"
"415","toma","2056-600.jpg"
"416","2009-600.jpg","2009-600.jpg"
"417","wug","2006-600.jpg"
"418","glizzel","2025-600.jpg"
"419","2005-600.jpg","2005-600.jpg"
"420","2025-600.jpg","2025-600.jpg"
"421","2023-600.jpg","2023-600.jpg"
"422","2005-600.jpg","2005-600.jpg"
"423","2023-600.jpg","2023-600.jpg"
"424","blicket","2007-600.jpg"
"425","fep","2002-600.jpg"
"426","2009-600.jpg","2009-600.jpg"
"427","kiv","2001-600.jpg"
"428","blicket","2007-600.jpg"
"429","wug","2006-600.jpg"
"430","toma","2056-600.jpg"
"431","fep","2002-600.jpg"
"432","kiv","2001-600.jpg"
"433","2007-600.jpg","2007-600.jpg"
"434","2025-600.jpg","2025-600.jpg"
"435","2056-600.jpg","2056-600.jpg"
"436","blick","2005-600.jpg"
"437","2001-600.jpg","2001-600.jpg"
"438","2023-600.jpg","2023-600.jpg"
"439","2009-600.jpg","2009-600.jpg"
"440","dix","2007-600.jpg"
"441","2002-600.jpg","2002-600.jpg"
"442","2023-600.jpg","2023-600.jpg"
"443","2009-600.jpg","2009-600.jpg"
"444","dax","2006-600.jpg"
"445","2002-600.jpg","2002-600.jpg"
"446","blick","2005-600.jpg"
"447","2056-600.jpg","2056-600.jpg"
"448","2025-600.jpg","2025-600.jpg"
"449","dax","2006-600.jpg"
"450","2001-600.jpg","2001-600.jpg"
"451","gazzer","2009-600.jpg"
"452","blinket","2025-600.jpg"
"453","fep","2001-600.jpg"
"454","kiv","2005-600.jpg"
"455","manu","2056-600.jpg"
"456","dax","2007-600.jpg"
"457","kiv","2005-600.jpg"
"458","toma","2002-600.jpg"
"459","wug","2023-600.jpg"
"460","gazzer","2009-600.jpg"
"461","toma","2002-600.jpg"
"462","blinket","2025-600.jpg"
"463","dax","2007-600.jpg"
"464","manu","2056-600.jpg"
"465","fep","2001-600.jpg"
"466","kreeb","2006-600.jpg"
"467","wug","2023-600.jpg"
"468","kreeb","2006-600.jpg"
"469","2007-600.jpg","2007-600.jpg"
"470","2056-600.jpg","2056-600.jpg"
"471","ltblue","2025-600.jpg"
"472","2023-600.jpg","2023-600.jpg"
"473","2006-600.jpg","2006-600.jpg"
"474","dax","2025-600.jpg"
"475","2009-600.jpg","2009-600.jpg"
"476","2001-600.jpg","2001-600.jpg"
"477","blinket","2005-600.jpg"
"478","wug","2007-600.jpg"
"479","kiv","2023-600.jpg"
"480","2001-600.jpg","2001-600.jpg"
"481","2006-600.jpg","2006-600.jpg"
"482","blinket","2005-600.jpg"
"483","2002-600.jpg","2002-600.jpg"
"484","2056-600.jpg","2056-600.jpg"
"485","2009-600.jpg","2009-600.jpg"
"486","2002-600.jpg","2002-600.jpg"
"487","2006-600.jpg","2006-600.jpg"
"488","2009-600.jpg","2009-600.jpg"
"489","2023-600.jpg","2023-600.jpg"
"490","2009-600.jpg","2009-600.jpg"
"491","2002-600.jpg","2002-600.jpg"
"492","2007-600.jpg","2007-600.jpg"
"493","2023-600.jpg","2023-600.jpg"
"494","2001-600.jpg","2001-600.jpg"
"495","2056-600.jpg","2056-600.jpg"
"496","2025-600.jpg","2025-600.jpg"
"497","2002-600.jpg","2002-600.jpg"
"498","2001-600.jpg","2001-600.jpg"
"499","2005-600.jpg","2005-600.jpg"
"500","2056-600.jpg","2056-600.jpg"
"501","2025-600.jpg","2025-600.jpg"
"502","2006-600.jpg","2006-600.jpg"
"503","2005-600.jpg","2005-600.jpg"
"504","2007-600.jpg","2007-600.jpg"
"505","2056-600.jpg","2056-600.jpg"
"506","fep","2023-600.jpg"
"507","2009-600.jpg","2009-600.jpg"
"508","2001-600.jpg","2001-600.jpg"
"509","fip","2006-600.jpg"
"510","2007-600.jpg","2007-600.jpg"
"511","2005-600.jpg","2005-600.jpg"
"512","blicket","2025-600.jpg"
"513","2005-600.jpg","2005-600.jpg"
"514","2009-600.jpg","2009-600.jpg"
"515","2006-600.jpg","2006-600.jpg"
"516","2007-600.jpg","2007-600.jpg"
"517","2002-600.jpg","2002-600.jpg"
"518","2001-600.jpg","2001-600.jpg"
"519","2056-600.jpg","2056-600.jpg"
"520","blicket","2025-600.jpg"
"521","2002-600.jpg","2002-600.jpg"
"522","fip","2023-600.jpg"
"523","bluehole","2025-600.jpg"
"524","grayufo","2006-600.jpg"
"525","2001-600.jpg","2001-600.jpg"
"526","pricklyy","2009-600.jpg"
"527","2056-600.jpg","2056-600.jpg"
"528","2005-600.jpg","2005-600.jpg"
"529","2023-600.jpg","2023-600.jpg"
"530","2007-600.jpg","2007-600.jpg"
"531","2009-600.jpg","2009-600.jpg"
"532","2023-600.jpg","2023-600.jpg"
"533","2005-600.jpg","2005-600.jpg"
"534","2025-600.jpg","2025-600.jpg"
"535","2002-600.jpg","2002-600.jpg"
"536","2007-600.jpg","2007-600.jpg"
"537","2056-600.jpg","2056-600.jpg"
"538","2002-600.jpg","2002-600.jpg"
"539","2006-600.jpg","2006-600.jpg"
"540","2001-600.jpg","2001-600.jpg"
"541","2025-600.jpg","2025-600.jpg"
"542","2009-600.jpg","2009-600.jpg"
"543","2007-600.jpg","2007-600.jpg"
"544","2001-600.jpg","2001-600.jpg"
"545","2005-600.jpg","2005-600.jpg"
"546","2002-600.jpg","2002-600.jpg"
"547","2023-600.jpg","2023-600.jpg"
"548","2009-600.jpg","2009-600.jpg"
"549","2002-600.jpg","2002-600.jpg"
"550","2023-600.jpg","2023-600.jpg"
"551","2056-600.jpg","2056-600.jpg"
"552","2006-600.jpg","2006-600.jpg"
"553","2025-600.jpg","2025-600.jpg"
"554","2056-600.jpg","2056-600.jpg"
"555","2001-600.jpg","2001-600.jpg"
"556","2006-600.jpg","2006-600.jpg"
"557","2007-600.jpg","2007-600.jpg"
"558","2005-600.jpg","2005-600.jpg"
"559","dix","2006-600.jpg"
"560","glazzer","2005-600.jpg"
"561","dix","2023-600.jpg"
"562","kleeb","2056-600.jpg"
"563","toma","2007-600.jpg"
"564","kleeb","2056-600.jpg"
"565","weg","2025-600.jpg"
"566","manu","2002-600.jpg"
"567","glazzer","2005-600.jpg"
"568","dix","2023-600.jpg"
"569","manuu","2002-600.jpg"
"570","blicket","2001-600.jpg"
"571","toma","2007-600.jpg"
"572","weg","2009-600.jpg"
"573","blicket","2001-600.jpg"
"574","dix","2006-600.jpg"
"575","peb","2025-600.jpg"
"576","weg","2009-600.jpg"
"577","dax","2009-600.jpg"
"578","2023-600.jpg","2023-600.jpg"
"579","dax","2009-600.jpg"
"580","2002-600.jpg","2002-600.jpg"
"581","wug","2025-600.jpg"
"582","blicket","2001-600.jpg"
"583","2005-600.jpg","2005-600.jpg"
"584","wug","2025-600.jpg"
"585","2007-600.jpg","2007-600.jpg"
"586","2006-600.jpg","2006-600.jpg"
"587","2056-600.jpg","2056-600.jpg"
"588","2005-600.jpg","2005-600.jpg"
"589","blicket","2001-600.jpg"
"590","2002-600.jpg","2002-600.jpg"
"591","2056-600.jpg","2056-600.jpg"
"592","2007-600.jpg","2007-600.jpg"
"593","2023-600.jpg","2023-600.jpg"
"594","2006-600.jpg","2006-600.jpg"
"595","2056-600.jpg","2056-600.jpg"
"596","2002-600.jpg","2002-600.jpg"
"597","2007-600.jpg","2007-600.jpg"
"598","2006-600.jpg","2006-600.jpg"
"599","2023-600.jpg","2023-600.jpg"
"600","2007-600.jpg","2007-600.jpg"
"601","2005-600.jpg","2005-600.jpg"
"602","2009-600.jpg","2009-600.jpg"
"603","2056-600.jpg","2056-600.jpg"
"604","2001-600.jpg","2001-600.jpg"
"605","2002-600.jpg","2002-600.jpg"
"606","2025-600.jpg","2025-600.jpg"
"607","2005-600.jpg","2005-600.jpg"
"608","2009-600.jpg","2009-600.jpg"
"609","2025-600.jpg","2025-600.jpg"
"610","2001-600.jpg","2001-600.jpg"
"611","2006-600.jpg","2006-600.jpg"
"612","2023-600.jpg","2023-600.jpg"
"613","blicket","2007-600.jpg"
"614","dax","2002-600.jpg"
"615","2056-600.jpg","2056-600.jpg"
"616","fep","2001-600.jpg"
"617","toma","2025-600.jpg"
"618","dax","2009-600.jpg"
"619","manu","2005-600.jpg"
"620","gleep","2006-600.jpg"
"621","wep","2023-600.jpg"
"622","toma","2025-600.jpg"
"623","2009-600.jpg","2009-600.jpg"
"624","wug","2023-600.jpg"
"625","blicket","2007-600.jpg"
"626","manu","2005-600.jpg"
"627","dax","2002-600.jpg"
"628","2001-600.jpg","2001-600.jpg"
"629","gleep","2006-600.jpg"
"630","2056-600.jpg","2056-600.jpg"
"631","2009-600.jpg","2009-600.jpg"
"632","2006-600.jpg","2006-600.jpg"
"633","2056-600.jpg","2056-600.jpg"
"634","2001-600.jpg","2001-600.jpg"
"635","2023-600.jpg","2023-600.jpg"
"636","2056-600.jpg","2056-600.jpg"
"637","2005-600.jpg","2005-600.jpg"
"638","2002-600.jpg","2002-600.jpg"
"639","2023-600.jpg","2023-600.jpg"
"640","2001-600.jpg","2001-600.jpg"
"641","2009-600.jpg","2009-600.jpg"
"642","2025-600.jpg","2025-600.jpg"
"643","2002-600.jpg","2002-600.jpg"
"644","2007-600.jpg","2007-600.jpg"
"645","2005-600.jpg","2005-600.jpg"
"646","2007-600.jpg","2007-600.jpg"
"647","2025-600.jpg","2025-600.jpg"
"648","2006-600.jpg","2006-600.jpg"
"649","manu","2001-600.jpg"
"650","kreeb","2002-600.jpg"
"651","toma","2023-600.jpg"
"652","dax","2006-600.jpg"
"653","blicket","2056-600.jpg"
"654","toma","2023-600.jpg"
"655","fep","2009-600.jpg"
"656","manu","2001-600.jpg"
"657","kiv","2025-600.jpg"
"658","dax","2006-600.jpg"
"659","kiv","2025-600.jpg"
"660","gazzer","2007-600.jpg"
"661","wug","2005-600.jpg"
"662","kreeb","2002-600.jpg"
"663","fep","2009-600.jpg"
"664","wug","2005-600.jpg"
"665","gazzer","2007-600.jpg"
"666","blicket","2056-600.jpg"
"667","treeb","2006-600.jpg"
"668","kiv","2056-600.jpg"
"669","bax","2025-600.jpg"
"670","gazzel","2007-600.jpg"
"671","2009-600.jpg","2009-600.jpg"
"672","treeb","2006-600.jpg"
"673","2002-600.jpg","2002-600.jpg"
"674","manu","2001-600.jpg"
"675","2023-600.jpg","2023-600.jpg"
"676","bikkit","2005-600.jpg"
"677","2009-600.jpg","2009-600.jpg"
"678","gazzel","2007-600.jpg"
"679","manu","2001-600.jpg"
"680","2023-600.jpg","2023-600.jpg"
"681","2005-600.jpg","2005-600.jpg"
"682","kiv","2056-600.jpg"
"683","2002-600.jpg","2002-600.jpg"
"684","bax","2025-600.jpg"
"685","2056-600.jpg","2056-600.jpg"
"686","2025-600.jpg","2025-600.jpg"
"687","2023-600.jpg","2023-600.jpg"
"688","2007-600.jpg","2007-600.jpg"
"689","2056-600.jpg","2056-600.jpg"
"690","2006-600.jpg","2006-600.jpg"
"691","2009-600.jpg","2009-600.jpg"
"692","2001-600.jpg","2001-600.jpg"
"693","2007-600.jpg","2007-600.jpg"
"694","2006-600.jpg","2006-600.jpg"
"695","2005-600.jpg","2005-600.jpg"
"696","2025-600.jpg","2025-600.jpg"
"697","2001-600.jpg","2001-600.jpg"
"698","2002-600.jpg","2002-600.jpg"
"699","2009-600.jpg","2009-600.jpg"
"700","2002-600.jpg","2002-600.jpg"
"701","2005-600.jpg","2005-600.jpg"
"702","2023-600.jpg","2023-600.jpg"
"703","2005-600.jpg","2005-600.jpg"
"704","2056-600.jpg","2056-600.jpg"
"705","2001-600.jpg","2001-600.jpg"
"706","dax","2023-600.jpg"
"707","2007-600.jpg","2007-600.jpg"
"708","feb","2002-600.jpg"
"709","2009-600.jpg","2009-600.jpg"
"710","dax","2023-600.jpg"
"711","2001-600.jpg","2001-600.jpg"
"712","2025-600.jpg","2025-600.jpg"
"713","feb","2002-600.jpg"
"714","blicket","2006-600.jpg"
"715","2056-600.jpg","2056-600.jpg"
"716","blicket","2006-600.jpg"
"717","2009-600.jpg","2009-600.jpg"
"718","2007-600.jpg","2007-600.jpg"
"719","2005-600.jpg","2005-600.jpg"
"720","2025-600.jpg","2025-600.jpg"
"721","2002-600.jpg","2002-600.jpg"
"722","blicket","2005-600.jpg"
"723","2009-600.jpg","2009-600.jpg"
"724","manu","2006-600.jpg"
"725","2009-600.jpg","2009-600.jpg"
"726","2025-600.jpg","2025-600.jpg"
"727","gizzer","2007-600.jpg"
"728","manu","2006-600.jpg"
"729","giuzzer","2007-600.jpg"
"730","2005-600.jpg","2005-600.jpg"
"731","2002-600.jpg","2002-600.jpg"
"732","2056-600.jpg","2056-600.jpg"
"733","2023-600.jpg","2023-600.jpg"
"734","2056-600.jpg","2056-600.jpg"
"735","2001-600.jpg","2001-600.jpg"
"736","2025-600.jpg","2025-600.jpg"
"737","2023-600.jpg","2023-600.jpg"
"738","2001-600.jpg","2001-600.jpg"
"739","2025-600.jpg","2025-600.jpg"
"740","fep","2056-600.jpg"
"741","toma","2023-600.jpg"
"742","gazzer","2001-600.jpg"
"743","kreeb","2005-600.jpg"
"744","gazzer","2001-600.jpg"
"745","2006-600.jpg","2006-600.jpg"
"746","dax","2002-600.jpg"
"747","2006-600.jpg","2006-600.jpg"
"748","2025-600.jpg","2025-600.jpg"
"749","blicket","2009-600.jpg"
"750","2007-600.jpg","2007-600.jpg"
"751","toma","2023-600.jpg"
"752","blicket","2009-600.jpg"
"753","dax","2002-600.jpg"
"754","fep","2056-600.jpg"
"755","2007-600.jpg","2007-600.jpg"
"756","kreeb","2005-600.jpg"
"757","2009-600.jpg","2009-600.jpg"
"758","2002-600.jpg","2002-600.jpg"
"759","2007-600.jpg","2007-600.jpg"
"760","toma","2025-600.jpg"
"761","2007-600.jpg","2007-600.jpg"
"762","2009-600.jpg","2009-600.jpg"
"763","2056-600.jpg","2056-600.jpg"
"764","fep","2005-600.jpg"
"765","2056-600.jpg","2056-600.jpg"
"766","gazzer","2006-600.jpg"
"767","toma","2025-600.jpg"
"768","gazzer","2006-600.jpg"
"769","2001-600.jpg","2001-600.jpg"
"770","2023-600.jpg","2023-600.jpg"
"771","fep","2005-600.jpg"
"772","2002-600.jpg","2002-600.jpg"
"773","2001-600.jpg","2001-600.jpg"
"774","2023-600.jpg","2023-600.jpg"
"775","2056-600.jpg","2056-600.jpg"
"776","2009-600.jpg","2009-600.jpg"
"777","2006-600.jpg","2006-600.jpg"
"778","2001-600.jpg","2001-600.jpg"
"779","2006-600.jpg","2006-600.jpg"
"780","gazzer","2002-600.jpg"
"781","2023-600.jpg","2023-600.jpg"
"782","2001-600.jpg","2001-600.jpg"
"783","dax","2056-600.jpg"
"784","2007-600.jpg","2007-600.jpg"
"785","2025-600.jpg","2025-600.jpg"
"786","fex","2005-600.jpg"
"787","2009-600.jpg","2009-600.jpg"
"788","2025-600.jpg","2025-600.jpg"
"789","2007-600.jpg","2007-600.jpg"
"790","fex","2005-600.jpg"
"791","2002-600.jpg","2002-600.jpg"
"792","2023-600.jpg","2023-600.jpg"
"793","blicket","2005-600.jpg"
"794","toma","2023-600.jpg"
"795","kiv","2009-600.jpg"
"796","fep","2001-600.jpg"
"797","gazzer","2006-600.jpg"
"798","toma","2023-600.jpg"
"799","kreed","2025-600.jpg"
"800","fep","2001-600.jpg"
"801","wug","2056-600.jpg"
"802","dax","2007-600.jpg"
"803","manu","2002-600.jpg"
"804","kreed","2025-600.jpg"
"805","blicket","2005-600.jpg"
"806","kiv","2009-600.jpg"
"807","dax","2007-600.jpg"
"808","manu","2002-600.jpg"
"809","wug","2056-600.jpg"
"810","gazzer","2006-600.jpg"
"811","2009-600.jpg","2009-600.jpg"
"812","2056-600.jpg","2056-600.jpg"
"813","2002-600.jpg","2002-600.jpg"
"814","2025-600.jpg","2025-600.jpg"
"815","2023-600.jpg","2023-600.jpg"
"816","2005-600.jpg","2005-600.jpg"
"817","2001-600.jpg","2001-600.jpg"
"818","2007-600.jpg","2007-600.jpg"
"819","2005-600.jpg","2005-600.jpg"
"820","2006-600.jpg","2006-600.jpg"
"821","2001-600.jpg","2001-600.jpg"
"822","2007-600.jpg","2007-600.jpg"
"823","2023-600.jpg","2023-600.jpg"
"824","2006-600.jpg","2006-600.jpg"
"825","2056-600.jpg","2056-600.jpg"
"826","2009-600.jpg","2009-600.jpg"
"827","2025-600.jpg","2025-600.jpg"
"828","2002-600.jpg","2002-600.jpg"
"829","gazzer","2006-600.jpg"
"830","manu","2009-600.jpg"
"831","blicket","2007-600.jpg"
"832","fep","2002-600.jpg"
"833","blicket","2007-600.jpg"
"834","2025-600.jpg","2025-600.jpg"
"835","2023-600.jpg","2023-600.jpg"
"836","dax","2005-600.jpg"
"837","wug","2056-600.jpg"
"838","gazzer","2006-600.jpg"
"839","2023-600.jpg","2023-600.jpg"
"840","manu","2009-600.jpg"
"841","dax","2005-600.jpg"
"842","toma","2001-600.jpg"
"843","2025-600.jpg","2025-600.jpg"
"844","fep","2002-600.jpg"
"845","toma","2001-600.jpg"
"846","wug","2056-600.jpg"
"847","tixu","2009-600.jpg"
"848","fep","2025-600.jpg"
"849","guzzar","2023-600.jpg"
"850","temu","2056-600.jpg"
"851","paku","2006-600.jpg"
"852","femu","2005-600.jpg"
"853","lopu","2056-600.jpg"
"854","toma","2001-600.jpg"
"855","fep","2025-600.jpg"
"856","lemu","2006-600.jpg"
"857","toma","2001-600.jpg"
"858","guzzar","2023-600.jpg"
"859","fiu","2009-600.jpg"
"860","briclur","2007-600.jpg"
"861","iuw","2002-600.jpg"
"862","fexu","2005-600.jpg"
"863","2007-600.jpg","2007-600.jpg"
"864","2002-600.jpg","2002-600.jpg"
"865","2005-600.jpg","2005-600.jpg"
"866","manu","2007-600.jpg"
"867","toma","2025-600.jpg"
"868","wug","2056-600.jpg"
"869","manu","2007-600.jpg"
"870","2002-600.jpg","2002-600.jpg"
"871","kiz","2023-600.jpg"
"872","2006-600.jpg","2006-600.jpg"
"873","2056-600.jpg","2056-600.jpg"
"874","2001-600.jpg","2001-600.jpg"
"875","2023-600.jpg","2023-600.jpg"
"876","2005-600.jpg","2005-600.jpg"
"877","toma","2025-600.jpg"
"878","fep","2009-600.jpg"
"879","2006-600.jpg","2006-600.jpg"
"880","fep","2009-600.jpg"
"881","2002-600.jpg","2002-600.jpg"
"882","2001-600.jpg","2001-600.jpg"
"883","2056-600.jpg","2056-600.jpg"
"884","2006-600.jpg","2006-600.jpg"
"885","2009-600.jpg","2009-600.jpg"
"886","2002-600.jpg","2002-600.jpg"
"887","2005-600.jpg","2005-600.jpg"
"888","2023-600.jpg","2023-600.jpg"
"889","2005-600.jpg","2005-600.jpg"
"890","2025-600.jpg","2025-600.jpg"
"891","2001-600.jpg","2001-600.jpg"
"892","2007-600.jpg","2007-600.jpg"
"893","2001-600.jpg","2001-600.jpg"
"894","2025-600.jpg","2025-600.jpg"
"895","2002-600.jpg","2002-600.jpg"
"896","2056-600.jpg","2056-600.jpg"
"897","2009-600.jpg","2009-600.jpg"
"898","2006-600.jpg","2006-600.jpg"
"899","2023-600.jpg","2023-600.jpg"
"900","2007-600.jpg","2007-600.jpg"
"901","2005-600.jpg","2005-600.jpg"
"902","2023-600.jpg","2023-600.jpg"
"903","2009-600.jpg","2009-600.jpg"
"904","2056-600.jpg","2056-600.jpg"
"905","2025-600.jpg","2025-600.jpg"
"906","2002-600.jpg","2002-600.jpg"
"907","2023-600.jpg","2023-600.jpg"
"908","2001-600.jpg","2001-600.jpg"
"909","2005-600.jpg","2005-600.jpg"
"910","2056-600.jpg","2056-600.jpg"
"911","2007-600.jpg","2007-600.jpg"
"912","2001-600.jpg","2001-600.jpg"
"913","2002-600.jpg","2002-600.jpg"
"914","2006-600.jpg","2006-600.jpg"
"915","2007-600.jpg","2007-600.jpg"
"916","2025-600.jpg","2025-600.jpg"
"917","2009-600.jpg","2009-600.jpg"
"918","2006-600.jpg","2006-600.jpg"
"919","2025-600.jpg","2025-600.jpg"
"920","manu","2023-600.jpg"
"921","wug","2009-600.jpg"
"922","dax","2007-600.jpg"
"923","wug","2009-600.jpg"
"924","fep","2001-600.jpg"
"925","2002-600.jpg","2002-600.jpg"
"926","fep","2001-600.jpg"
"927","2006-600.jpg","2006-600.jpg"
"928","2002-600.jpg","2002-600.jpg"
"929","dax","2007-600.jpg"
"930","2025-600.jpg","2025-600.jpg"
"931","2006-600.jpg","2006-600.jpg"
"932","manu","2023-600.jpg"
"933","2005-600.jpg","2005-600.jpg"
"934","toma","2056-600.jpg"
"935","2005-600.jpg","2005-600.jpg"
"936","toma","2056-600.jpg"
"937","manu","2009-600.jpg"
"938","2007-600.jpg","2007-600.jpg"
"939","wug","2025-600.jpg"
"940","kreeb","2005-600.jpg"
"941","fep","2002-600.jpg"
"942","kreeb","2005-600.jpg"
"943","toma","2023-600.jpg"
"944","2001-600.jpg","2001-600.jpg"
"945","2056-600.jpg","2056-600.jpg"
"946","toma","2023-600.jpg"
"947","glazzer","2006-600.jpg"
"948","manu","2009-600.jpg"
"949","2001-600.jpg","2001-600.jpg"
"950","2007-600.jpg","2007-600.jpg"
"951","fep","2002-600.jpg"
"952","glazzer","2006-600.jpg"
"953","wug","2025-600.jpg"
"954","2056-600.jpg","2056-600.jpg"
"955","toma","2056-600.jpg"
"956","kiv","2002-600.jpg"
"957","manu","2023-600.jpg"
"958","wug","2001-600.jpg"
"959","2025-600.jpg","2025-600.jpg"
"960","weg","2007-600.jpg"
"961","dax","2009-600.jpg"
"962","manu","2023-600.jpg"
"963","2005-600.jpg","2005-600.jpg"
"964","kiv","2002-600.jpg"
"965","kreeg","2006-600.jpg"
"966","2005-600.jpg","2005-600.jpg"
"967","wug","2001-600.jpg"
"968","2007-600.jpg","2007-600.jpg"
"969","toma","2056-600.jpg"
"970","2025-600.jpg","2025-600.jpg"
"971","kreeg","2006-600.jpg"
"972","dax","2009-600.jpg"
"973","dax","2001-600.jpg"
"974","gazzer","2005-600.jpg"
"975","2025-600.jpg","2025-600.jpg"
"976","kiz","2009-600.jpg"
"977","2023-600.jpg","2023-600.jpg"
"978","fep","2007-600.jpg"
"979","manu","2002-600.jpg"
"980","gazzer","2005-600.jpg"
"981","toma","2006-600.jpg"
"982","dax","2001-600.jpg"
"983","2023-600.jpg","2023-600.jpg"
"984","fep","2007-600.jpg"
"985","wug","2056-600.jpg"
"986","2025-600.jpg","2025-600.jpg"
"987","wug","2056-600.jpg"
"988","toma","2006-600.jpg"
"989","manu","2002-600.jpg"
"990","kiz","2009-600.jpg"
"991","wug","2007-600.jpg"
"992","dax","2006-600.jpg"
"993","wug","2007-600.jpg"
"994","2025-600.jpg","2025-600.jpg"
"995","gazzer","2023-600.jpg"
"996","blicket","2005-600.jpg"
"997","2006-600.jpg","2006-600.jpg"
"998","2056-600.jpg","2056-600.jpg"
"999","manu","2009-600.jpg"
"1000","2001-600.jpg","2001-600.jpg"
"1001","manu","2009-600.jpg"
"1002","toma","2002-600.jpg"
"1003","2025-600.jpg","2025-600.jpg"
"1004","wug","2001-600.jpg"
"1005","toma","2002-600.jpg"
"1006","2056-600.jpg","2056-600.jpg"
"1007","gazzer","2023-600.jpg"
"1008","blicket","2005-600.jpg"
"1009","2025-600.jpg","2025-600.jpg"
"1010","2005-600.jpg","2005-600.jpg"
"1011","2002-600.jpg","2002-600.jpg"
"1012","2006-600.jpg","2006-600.jpg"
"1013","2023-600.jpg","2023-600.jpg"
"1014","2009-600.jpg","2009-600.jpg"
"1015","2025-600.jpg","2025-600.jpg"
"1016","2002-600.jpg","2002-600.jpg"
"1017","2009-600.jpg","2009-600.jpg"
"1018","2005-600.jpg","2005-600.jpg"
"1019","2056-600.jpg","2056-600.jpg"
"1020","2001-600.jpg","2001-600.jpg"
"1021","2007-600.jpg","2007-600.jpg"
"1022","2001-600.jpg","2001-600.jpg"
"1023","2056-600.jpg","2056-600.jpg"
"1024","2006-600.jpg","2006-600.jpg"
"1025","2007-600.jpg","2007-600.jpg"
"1026","2023-600.jpg","2023-600.jpg"
"1027","2025-600.jpg","2025-600.jpg"
"1028","2006-600.jpg","2006-600.jpg"
"1029","kiv","2005-600.jpg"
"1030","2056-600.jpg","2056-600.jpg"
"1031","2007-600.jpg","2007-600.jpg"
"1032","kiv","2005-600.jpg"
"1033","2009-600.jpg","2009-600.jpg"
"1034","2007-600.jpg","2007-600.jpg"
"1035","2006-600.jpg","2006-600.jpg"
"1036","blicket","2023-600.jpg"
"1037","2009-600.jpg","2009-600.jpg"
"1038","2002-600.jpg","2002-600.jpg"
"1039","2025-600.jpg","2025-600.jpg"
"1040","2056-600.jpg","2056-600.jpg"
"1041","2001-600.jpg","2001-600.jpg"
"1042","2002-600.jpg","2002-600.jpg"
"1043","blicket","2023-600.jpg"
"1044","2001-600.jpg","2001-600.jpg"
"1045","2002-600.jpg","2002-600.jpg"
"1046","2007-600.jpg","2007-600.jpg"
"1047","gazzer","2025-600.jpg"
"1048","2002-600.jpg","2002-600.jpg"
"1049","2023-600.jpg","2023-600.jpg"
"1050","2005-600.jpg","2005-600.jpg"
"1051","2006-600.jpg","2006-600.jpg"
"1052","2023-600.jpg","2023-600.jpg"
"1053","2009-600.jpg","2009-600.jpg"
"1054","2056-600.jpg","2056-600.jpg"
"1055","2001-600.jpg","2001-600.jpg"
"1056","gazzer","2025-600.jpg"
"1057","2005-600.jpg","2005-600.jpg"
"1058","2006-600.jpg","2006-600.jpg"
"1059","2001-600.jpg","2001-600.jpg"
"1060","2056-600.jpg","2056-600.jpg"
"1061","2009-600.jpg","2009-600.jpg"
"1062","2007-600.jpg","2007-600.jpg"
"1063","dem","2002-600.jpg"
"1064","toma","2009-600.jpg"
"1065","2006-600.jpg","2006-600.jpg"
"1066","muze","2023-600.jpg"
"1067","fip","2025-600.jpg"
"1068","bip","2007-600.jpg"
"1069","toma","2009-600.jpg"
"1070","2056-600.jpg","2056-600.jpg"
"1071","dem","2002-600.jpg"
"1072","kaaub","2005-600.jpg"
"1073","bip","2007-600.jpg"
"1074","fip","2025-600.jpg"
"1075","blippet","2001-600.jpg"
"1076","muzo","2023-600.jpg"
"1077","2005-600.jpg","2005-600.jpg"
"1078","2006-600.jpg","2006-600.jpg"
"1079","blippet","2001-600.jpg"
"1080","2056-600.jpg","2056-600.jpg"
