"","object","realLabel"
"1","2006-600.jpg","toma"
"2","2009-600.jpg","gazzer"
"3","2025-600.jpg","dax"
"4","2002-600.jpg","kiv"
"5","2056-600.jpg","wug"
"6","2007-600.jpg","kreeb"
"7","2005-600.jpg","fep"
"8","2007-600.jpg","kreeb"
"9","2025-600.jpg","dax"
"10","2056-600.jpg","wug"
"11","2005-600.jpg","fep"
"12","2056-600.jpg","wug"
"13","2005-600.jpg","fep"
"14","2023-600.jpg","blicket"
"15","2009-600.jpg","gazzer"
"16","2001-600.jpg","manu"
"17","2023-600.jpg","blicket"
"18","2007-600.jpg","kreeb"
"19","2056-600.jpg","wug"
"20","2005-600.jpg","fep"
"21","2007-600.jpg","kreeb"
"22","2005-600.jpg","gazzer"
"23","2023-600.jpg","kreeb"
"24","2001-600.jpg","toma"
"25","2023-600.jpg","kreeb"
"26","2005-600.jpg","gazzer"
"27","2025-600.jpg","wug"
"28","2007-600.jpg","fep"
"29","2005-600.jpg","gazzer"
"30","2006-600.jpg","blicket"
"31","2056-600.jpg","manu"
"32","2023-600.jpg","kreeb"
"33","2009-600.jpg","dax"
"34","2002-600.jpg","kiv"
"35","2009-600.jpg","dax"
"36","2025-600.jpg","wug"
"37","2005-600.jpg","gazzer"
"38","2025-600.jpg","wug"
"39","2023-600.jpg","kreeb"
"40","2025-600.jpg","wug"
"41","2056-600.jpg","manu"
"42","2002-600.jpg","kiv"
"43","2006-600.jpg","manu"
"44","2056-600.jpg","wug"
"45","2001-600.jpg","kiv"
"46","2007-600.jpg","dax"
"47","2009-600.jpg","kreeb"
"48","2001-600.jpg","kiv"
"49","2056-600.jpg","wug"
"50","2001-600.jpg","kiv"
"51","2002-600.jpg","blicket"
"52","2005-600.jpg","gazzer"
"53","2006-600.jpg","manu"
"54","2002-600.jpg","blicket"
"55","2005-600.jpg","gazzer"
"56","2001-600.jpg","kiv"
"57","2007-600.jpg","dax"
"58","2023-600.jpg","fep"
"59","2002-600.jpg","blicket"
"60","2006-600.jpg","manu"
"61","2002-600.jpg","blicket"
"62","2025-600.jpg","toma"
"63","2006-600.jpg","manu"
"64","2006-600.jpg","gazzer"
"65","2056-600.jpg","kreeb"
"66","2023-600.jpg","fep"
"67","2009-600.jpg","toma"
"68","2056-600.jpg","kreeb"
"69","2023-600.jpg","fep"
"70","2006-600.jpg","gazzer"
"71","2007-600.jpg","manu"
"72","2009-600.jpg","toma"
"73","2001-600.jpg","dax"
"74","2007-600.jpg","manu"
"75","2025-600.jpg","blicket"
"76","2005-600.jpg","kiv"
"77","2007-600.jpg","manu"
"78","2025-600.jpg","blicket"
"79","2009-600.jpg","toma"
"80","2056-600.jpg","kreeb"
"81","2007-600.jpg","manu"
"82","2009-600.jpg","toma"
"83","2056-600.jpg","kreeb"
"84","2002-600.jpg","wug"
"85","2025-600.jpg","blicket"
"86","2002-600.jpg","dax"
"87","2056-600.jpg","kiv"
"88","2002-600.jpg","dax"
"89","2005-600.jpg","manu"
"90","2001-600.jpg","wug"
"91","2056-600.jpg","kiv"
"92","2025-600.jpg","blicket"
"93","2009-600.jpg","fep"
"94","2002-600.jpg","dax"
"95","2006-600.jpg","gazzer"
"96","2056-600.jpg","kiv"
"97","2023-600.jpg","toma"
"98","2025-600.jpg","blicket"
"99","2006-600.jpg","gazzer"
"100","2007-600.jpg","kreeb"
"101","2025-600.jpg","blicket"
"102","2023-600.jpg","toma"
"103","2002-600.jpg","dax"
"104","2005-600.jpg","manu"
"105","2056-600.jpg","kiv"
"106","2006-600.jpg","fep"
"107","2009-600.jpg","dax"
"108","2007-600.jpg","kreeb"
"109","2006-600.jpg","fep"
"110","2002-600.jpg","toma"
"111","2001-600.jpg","blicket"
"112","2002-600.jpg","toma"
"113","2056-600.jpg","wug"
"114","2025-600.jpg","kiv"
"115","2056-600.jpg","wug"
"116","2025-600.jpg","kiv"
"117","2009-600.jpg","dax"
"118","2025-600.jpg","kiv"
"119","2056-600.jpg","wug"
"120","2023-600.jpg","manu"
"121","2025-600.jpg","kiv"
"122","2009-600.jpg","dax"
"123","2007-600.jpg","kreeb"
"124","2009-600.jpg","dax"
"125","2005-600.jpg","gazzer"
"126","2056-600.jpg","wug"
"127","2025-600.jpg","fep"
"128","2023-600.jpg","manu"
"129","2025-600.jpg","fep"
"130","2005-600.jpg","gazzer"
"131","2002-600.jpg","blicket"
"132","2005-600.jpg","gazzer"
"133","2006-600.jpg","dax"
"134","2001-600.jpg","toma"
"135","2025-600.jpg","fep"
"136","2009-600.jpg","kiv"
"137","2056-600.jpg","kreeb"
"138","2001-600.jpg","toma"
"139","2023-600.jpg","manu"
"140","2007-600.jpg","wug"
"141","2001-600.jpg","toma"
"142","2006-600.jpg","dax"
"143","2009-600.jpg","kiv"
"144","2025-600.jpg","fep"
"145","2006-600.jpg","dax"
"146","2001-600.jpg","toma"
"147","2006-600.jpg","dax"
"148","2002-600.jpg","gazzer"
"149","2009-600.jpg","kreeb"
"150","2056-600.jpg","kiv"
"151","2023-600.jpg","fep"
"152","2025-600.jpg","blicket"
"153","2023-600.jpg","fep"
"154","2005-600.jpg","manu"
"155","2007-600.jpg","toma"
"156","2005-600.jpg","manu"
"157","2002-600.jpg","gazzer"
"158","2005-600.jpg","manu"
"159","2023-600.jpg","fep"
"160","2006-600.jpg","wug"
"161","2005-600.jpg","manu"
"162","2023-600.jpg","fep"
"163","2002-600.jpg","gazzer"
"164","2009-600.jpg","kreeb"
"165","2002-600.jpg","gazzer"
"166","2006-600.jpg","wug"
"167","2001-600.jpg","dax"
"168","2056-600.jpg","kiv"
"169","2001-600.jpg","gazzer"
"170","2056-600.jpg","kiv"
"171","2006-600.jpg","blicket"
"172","2002-600.jpg","toma"
"173","2005-600.jpg","kreeb"
"174","2002-600.jpg","toma"
"175","2009-600.jpg","dax"
"176","2002-600.jpg","toma"
"177","2009-600.jpg","dax"
"178","2005-600.jpg","kreeb"
"179","2002-600.jpg","toma"
"180","2025-600.jpg","manu"
"181","2005-600.jpg","kreeb"
"182","2001-600.jpg","gazzer"
"183","2005-600.jpg","kreeb"
"184","2001-600.jpg","gazzer"
"185","2007-600.jpg","fep"
"186","2006-600.jpg","blicket"
"187","2001-600.jpg","gazzer"
"188","2023-600.jpg","wug"
"189","2056-600.jpg","kiv"
"190","2023-600.jpg","dax"
"191","2002-600.jpg","kreeb"
"192","2006-600.jpg","toma"
"193","2025-600.jpg","gazzer"
"194","2006-600.jpg","toma"
"195","2007-600.jpg","wug"
"196","2023-600.jpg","dax"
"197","2025-600.jpg","gazzer"
"198","2002-600.jpg","kreeb"
"199","2009-600.jpg","manu"
"200","2006-600.jpg","toma"
"201","2009-600.jpg","manu"
"202","2023-600.jpg","dax"
"203","2056-600.jpg","blicket"
"204","2009-600.jpg","manu"
"205","2001-600.jpg","kiv"
"206","2005-600.jpg","fep"
"207","2006-600.jpg","toma"
"208","2009-600.jpg","manu"
"209","2023-600.jpg","dax"
"210","2005-600.jpg","fep"
"211","2023-600.jpg","blicket"
"212","2001-600.jpg","kreeb"
"213","2009-600.jpg","wug"
"214","2001-600.jpg","kreeb"
"215","2005-600.jpg","kiv"
"216","2025-600.jpg","toma"
"217","2007-600.jpg","manu"
"218","2002-600.jpg","dax"
"219","2025-600.jpg","toma"
"220","2023-600.jpg","blicket"
"221","2056-600.jpg","fep"
"222","2023-600.jpg","blicket"
"223","2025-600.jpg","toma"
"224","2056-600.jpg","fep"
"225","2023-600.jpg","blicket"
"226","2002-600.jpg","dax"
"227","2056-600.jpg","fep"
"228","2006-600.jpg","gazzer"
"229","2025-600.jpg","toma"
"230","2056-600.jpg","fep"
"231","2005-600.jpg","kiv"
"232","2056-600.jpg","toma"
"233","2006-600.jpg","blicket"
"234","2005-600.jpg","wug"
"235","2002-600.jpg","fep"
"236","2007-600.jpg","kreeb"
"237","2001-600.jpg","gazzer"
"238","2002-600.jpg","fep"
"239","2007-600.jpg","kreeb"
"240","2023-600.jpg","manu"
"241","2025-600.jpg","kiv"
"242","2023-600.jpg","manu"
"243","2007-600.jpg","kreeb"
"244","2023-600.jpg","manu"
"245","2056-600.jpg","toma"
"246","2005-600.jpg","wug"
"247","2001-600.jpg","gazzer"
"248","2007-600.jpg","kreeb"
"249","2001-600.jpg","gazzer"
"250","2009-600.jpg","dax"
"251","2001-600.jpg","gazzer"
"252","2023-600.jpg","manu"
"253","2009-600.jpg","wug"
"254","2002-600.jpg","kreeb"
"255","2023-600.jpg","dax"
"256","2001-600.jpg","blicket"
"257","2006-600.jpg","kiv"
"258","2056-600.jpg","fep"
"259","2025-600.jpg","manu"
"260","2005-600.jpg","toma"
"261","2009-600.jpg","wug"
"262","2005-600.jpg","toma"
"263","2002-600.jpg","kreeb"
"264","2023-600.jpg","dax"
"265","2025-600.jpg","manu"
"266","2002-600.jpg","kreeb"
"267","2007-600.jpg","gazzer"
"268","2005-600.jpg","toma"
"269","2023-600.jpg","dax"
"270","2006-600.jpg","kiv"
"271","2023-600.jpg","dax"
"272","2002-600.jpg","kreeb"
"273","2005-600.jpg","toma"
"274","2056-600.jpg","kreeb"
"275","2009-600.jpg","wug"
"276","2006-600.jpg","toma"
"277","2007-600.jpg","manu"
"278","2025-600.jpg","fep"
"279","2009-600.jpg","wug"
"280","2056-600.jpg","kreeb"
"281","2025-600.jpg","fep"
"282","2009-600.jpg","wug"
"283","2002-600.jpg","blicket"
"284","2005-600.jpg","dax"
"285","2006-600.jpg","toma"
"286","2009-600.jpg","wug"
"287","2056-600.jpg","kreeb"
"288","2023-600.jpg","kiv"
"289","2002-600.jpg","blicket"
"290","2025-600.jpg","fep"
"291","2056-600.jpg","kreeb"
"292","2001-600.jpg","gazzer"
"293","2023-600.jpg","kiv"
"294","2025-600.jpg","fep"
"295","2009-600.jpg","kreeb"
"296","2006-600.jpg","dax"
"297","2007-600.jpg","kiv"
"298","2025-600.jpg","manu"
"299","2005-600.jpg","toma"
"300","2009-600.jpg","kreeb"
"301","2005-600.jpg","toma"
"302","2002-600.jpg","blicket"
"303","2001-600.jpg","gazzer"
"304","2023-600.jpg","fep"
"305","2002-600.jpg","blicket"
"306","2006-600.jpg","dax"
"307","2025-600.jpg","manu"
"308","2009-600.jpg","kreeb"
"309","2006-600.jpg","dax"
"310","2002-600.jpg","blicket"
"311","2001-600.jpg","gazzer"
"312","2006-600.jpg","dax"
"313","2002-600.jpg","blicket"
"314","2056-600.jpg","wug"
"315","2009-600.jpg","kreeb"
"316","2023-600.jpg","manu"
"317","2007-600.jpg","wug"
"318","2025-600.jpg","kiv"
"319","2009-600.jpg","dax"
"320","2006-600.jpg","fep"
"321","2005-600.jpg","kreeb"
"322","2023-600.jpg","manu"
"323","2001-600.jpg","toma"
"324","2009-600.jpg","dax"
"325","2006-600.jpg","fep"
"326","2023-600.jpg","manu"
"327","2007-600.jpg","wug"
"328","2023-600.jpg","manu"
"329","2025-600.jpg","kiv"
"330","2007-600.jpg","wug"
"331","2006-600.jpg","fep"
"332","2005-600.jpg","kreeb"
"333","2006-600.jpg","fep"
"334","2002-600.jpg","gazzer"
"335","2056-600.jpg","blicket"
"336","2007-600.jpg","wug"
"337","2007-600.jpg","manu"
"338","2002-600.jpg","gazzer"
"339","2025-600.jpg","blicket"
"340","2056-600.jpg","wug"
"341","2009-600.jpg","kiv"
"342","2056-600.jpg","wug"
"343","2005-600.jpg","kreeb"
"344","2006-600.jpg","toma"
"345","2023-600.jpg","fep"
"346","2009-600.jpg","kiv"
"347","2005-600.jpg","kreeb"
"348","2002-600.jpg","gazzer"
"349","2009-600.jpg","kiv"
"350","2007-600.jpg","manu"
"351","2002-600.jpg","gazzer"
"352","2007-600.jpg","manu"
"353","2009-600.jpg","kiv"
"354","2025-600.jpg","blicket"
"355","2001-600.jpg","dax"
"356","2007-600.jpg","manu"
"357","2002-600.jpg","gazzer"
"358","2025-600.jpg","kreeb"
"359","2023-600.jpg","toma"
"360","2007-600.jpg","wug"
"361","2023-600.jpg","toma"
"362","2005-600.jpg","gazzer"
"363","2002-600.jpg","kiv"
"364","2009-600.jpg","dax"
"365","2006-600.jpg","blicket"
"366","2005-600.jpg","gazzer"
"367","2056-600.jpg","manu"
"368","2023-600.jpg","toma"
"369","2005-600.jpg","gazzer"
"370","2001-600.jpg","fep"
"371","2056-600.jpg","manu"
"372","2025-600.jpg","kreeb"
"373","2001-600.jpg","fep"
"374","2023-600.jpg","toma"
"375","2025-600.jpg","kreeb"
"376","2007-600.jpg","wug"
"377","2025-600.jpg","kreeb"
"378","2005-600.jpg","gazzer"
"379","2002-600.jpg","blicket"
"380","2001-600.jpg","kiv"
"381","2025-600.jpg","fep"
"382","2005-600.jpg","manu"
"383","2025-600.jpg","fep"
"384","2006-600.jpg","dax"
"385","2007-600.jpg","kreeb"
"386","2005-600.jpg","manu"
"387","2006-600.jpg","dax"
"388","2023-600.jpg","toma"
"389","2006-600.jpg","dax"
"390","2002-600.jpg","blicket"
"391","2007-600.jpg","kreeb"
"392","2009-600.jpg","gazzer"
"393","2005-600.jpg","manu"
"394","2006-600.jpg","dax"
"395","2007-600.jpg","kreeb"
"396","2001-600.jpg","kiv"
"397","2007-600.jpg","kreeb"
"398","2056-600.jpg","wug"
"399","2005-600.jpg","manu"
"400","2009-600.jpg","dax"
"401","2056-600.jpg","kiv"
"402","2005-600.jpg","toma"
"403","2025-600.jpg","manu"
"404","2009-600.jpg","dax"
"405","2023-600.jpg","wug"
"406","2007-600.jpg","blicket"
"407","2056-600.jpg","kiv"
"408","2007-600.jpg","blicket"
"409","2001-600.jpg","gazzer"
"410","2005-600.jpg","toma"
"411","2006-600.jpg","fep"
"412","2009-600.jpg","dax"
"413","2023-600.jpg","wug"
"414","2009-600.jpg","dax"
"415","2023-600.jpg","wug"
"416","2056-600.jpg","kiv"
"417","2002-600.jpg","kreeb"
"418","2056-600.jpg","kiv"
"419","2002-600.jpg","kreeb"
"420","2023-600.jpg","wug"
"421","2006-600.jpg","fep"
"422","2005-600.jpg","manu"
"423","2023-600.jpg","gazzer"
"424","2005-600.jpg","manu"
"425","2002-600.jpg","wug"
"426","2007-600.jpg","toma"
"427","2002-600.jpg","wug"
"428","2007-600.jpg","toma"
"429","2002-600.jpg","wug"
"430","2005-600.jpg","manu"
"431","2006-600.jpg","fep"
"432","2025-600.jpg","blicket"
"433","2002-600.jpg","wug"
"434","2056-600.jpg","kiv"
"435","2001-600.jpg","dax"
"436","2007-600.jpg","toma"
"437","2001-600.jpg","dax"
"438","2005-600.jpg","manu"
"439","2007-600.jpg","toma"
"440","2023-600.jpg","gazzer"
"441","2009-600.jpg","kreeb"
"442","2056-600.jpg","wug"
"443","2025-600.jpg","manu"
"444","2023-600.jpg","dax"
"445","2056-600.jpg","wug"
"446","2009-600.jpg","gazzer"
"447","2007-600.jpg","blicket"
"448","2023-600.jpg","dax"
"449","2002-600.jpg","kreeb"
"450","2001-600.jpg","fep"
"451","2023-600.jpg","dax"
"452","2006-600.jpg","kiv"
"453","2007-600.jpg","blicket"
"454","2002-600.jpg","kreeb"
"455","2056-600.jpg","wug"
"456","2002-600.jpg","kreeb"
"457","2005-600.jpg","toma"
"458","2023-600.jpg","dax"
"459","2006-600.jpg","kiv"
"460","2005-600.jpg","toma"
"461","2002-600.jpg","kreeb"
"462","2056-600.jpg","wug"
"463","2007-600.jpg","blicket"
"464","2009-600.jpg","toma"
"465","2002-600.jpg","kiv"
"466","2025-600.jpg","manu"
"467","2005-600.jpg","dax"
"468","2002-600.jpg","kiv"
"469","2006-600.jpg","fep"
"470","2002-600.jpg","kiv"
"471","2007-600.jpg","blicket"
"472","2025-600.jpg","manu"
"473","2001-600.jpg","kreeb"
"474","2006-600.jpg","fep"
"475","2025-600.jpg","manu"
"476","2056-600.jpg","wug"
"477","2006-600.jpg","fep"
"478","2001-600.jpg","kreeb"
"479","2023-600.jpg","gazzer"
"480","2002-600.jpg","kiv"
"481","2023-600.jpg","gazzer"
"482","2006-600.jpg","fep"
"483","2025-600.jpg","manu"
"484","2001-600.jpg","kiv"
"485","2056-600.jpg","toma"
"486","2009-600.jpg","manu"
"487","2002-600.jpg","fep"
"488","2006-600.jpg","wug"
"489","2001-600.jpg","kiv"
"490","2056-600.jpg","toma"
"491","2006-600.jpg","wug"
"492","2005-600.jpg","dax"
"493","2023-600.jpg","kreeb"
"494","2056-600.jpg","toma"
"495","2001-600.jpg","kiv"
"496","2006-600.jpg","wug"
"497","2025-600.jpg","gazzer"
"498","2001-600.jpg","kiv"
"499","2002-600.jpg","fep"
"500","2006-600.jpg","wug"
"501","2025-600.jpg","gazzer"
"502","2007-600.jpg","blicket"
"503","2056-600.jpg","toma"
"504","2007-600.jpg","blicket"
"505","2006-600.jpg","dax"
"506","2001-600.jpg","kreeb"
"507","2009-600.jpg","fep"
"508","2023-600.jpg","manu"
"509","2002-600.jpg","gazzer"
"510","2006-600.jpg","dax"
"511","2056-600.jpg","wug"
"512","2007-600.jpg","kiv"
"513","2025-600.jpg","toma"
"514","2023-600.jpg","manu"
"515","2005-600.jpg","blicket"
"516","2023-600.jpg","manu"
"517","2005-600.jpg","blicket"
"518","2023-600.jpg","manu"
"519","2006-600.jpg","dax"
"520","2005-600.jpg","blicket"
"521","2009-600.jpg","fep"
"522","2006-600.jpg","dax"
"523","2001-600.jpg","kreeb"
"524","2007-600.jpg","kiv"
"525","2005-600.jpg","blicket"
"526","2007-600.jpg","dax"
"527","2025-600.jpg","blicket"
"528","2001-600.jpg","fep"
"529","2056-600.jpg","manu"
"530","2009-600.jpg","gazzer"
"531","2001-600.jpg","fep"
"532","2007-600.jpg","dax"
"533","2009-600.jpg","gazzer"
"534","2002-600.jpg","toma"
"535","2025-600.jpg","blicket"
"536","2009-600.jpg","gazzer"
"537","2005-600.jpg","kiv"
"538","2002-600.jpg","toma"
"539","2006-600.jpg","kreeb"
"540","2001-600.jpg","fep"
"541","2007-600.jpg","dax"
"542","2001-600.jpg","fep"
"543","2005-600.jpg","kiv"
"544","2009-600.jpg","gazzer"
"545","2023-600.jpg","wug"
"546","2007-600.jpg","dax"
"547","2002-600.jpg","manu"
"548","2005-600.jpg","blicket"
"549","2056-600.jpg","kreeb"
"550","2007-600.jpg","wug"
"551","2001-600.jpg","gazzer"
"552","2007-600.jpg","wug"
"553","2006-600.jpg","fep"
"554","2005-600.jpg","blicket"
"555","2056-600.jpg","kreeb"
"556","2023-600.jpg","kiv"
"557","2025-600.jpg","dax"
"558","2007-600.jpg","wug"
"559","2005-600.jpg","blicket"
"560","2009-600.jpg","toma"
"561","2025-600.jpg","dax"
"562","2005-600.jpg","blicket"
"563","2007-600.jpg","wug"
"564","2001-600.jpg","gazzer"
"565","2025-600.jpg","dax"
"566","2002-600.jpg","manu"
"567","2025-600.jpg","dax"
"568","2023-600.jpg","wug"
"569","2056-600.jpg","fep"
"570","2007-600.jpg","kiv"
"571","2005-600.jpg","dax"
"572","2056-600.jpg","fep"
"573","2023-600.jpg","wug"
"574","2009-600.jpg","manu"
"575","2002-600.jpg","toma"
"576","2006-600.jpg","kreeb"
"577","2005-600.jpg","dax"
"578","2001-600.jpg","gazzer"
"579","2023-600.jpg","wug"
"580","2056-600.jpg","fep"
"581","2007-600.jpg","kiv"
"582","2002-600.jpg","toma"
"583","2005-600.jpg","dax"
"584","2056-600.jpg","fep"
"585","2001-600.jpg","gazzer"
"586","2025-600.jpg","blicket"
"587","2023-600.jpg","wug"
"588","2005-600.jpg","dax"
"589","2007-600.jpg","wug"
"590","2056-600.jpg","manu"
"591","2025-600.jpg","blicket"
"592","2005-600.jpg","toma"
"593","2023-600.jpg","fep"
"594","2005-600.jpg","toma"
"595","2023-600.jpg","fep"
"596","2006-600.jpg","kiv"
"597","2001-600.jpg","dax"
"598","2025-600.jpg","blicket"
"599","2006-600.jpg","kiv"
"600","2025-600.jpg","blicket"
"601","2007-600.jpg","wug"
"602","2002-600.jpg","kreeb"
"603","2023-600.jpg","fep"
"604","2006-600.jpg","kiv"
"605","2009-600.jpg","gazzer"
"606","2023-600.jpg","fep"
"607","2001-600.jpg","dax"
"608","2006-600.jpg","kiv"
"609","2025-600.jpg","blicket"
"610","2023-600.jpg","blicket"
"611","2002-600.jpg","dax"
"612","2023-600.jpg","blicket"
"613","2006-600.jpg","wug"
"614","2007-600.jpg","manu"
"615","2001-600.jpg","toma"
"616","2025-600.jpg","kiv"
"617","2056-600.jpg","kreeb"
"618","2005-600.jpg","gazzer"
"619","2025-600.jpg","kiv"
"620","2023-600.jpg","blicket"
"621","2005-600.jpg","gazzer"
"622","2056-600.jpg","kreeb"
"623","2025-600.jpg","kiv"
"624","2007-600.jpg","manu"
"625","2025-600.jpg","kiv"
"626","2005-600.jpg","gazzer"
"627","2001-600.jpg","toma"
"628","2023-600.jpg","blicket"
"629","2005-600.jpg","gazzer"
"630","2009-600.jpg","fep"
"631","2056-600.jpg","kreeb"
"632","2005-600.jpg","dax"
"633","2006-600.jpg","fep"
"634","2023-600.jpg","manu"
"635","2056-600.jpg","kreeb"
"636","2006-600.jpg","fep"
"637","2023-600.jpg","manu"
"638","2025-600.jpg","wug"
"639","2006-600.jpg","fep"
"640","2056-600.jpg","kreeb"
"641","2001-600.jpg","toma"
"642","2005-600.jpg","dax"
"643","2023-600.jpg","manu"
"644","2002-600.jpg","kiv"
"645","2023-600.jpg","manu"
"646","2056-600.jpg","kreeb"
"647","2009-600.jpg","blicket"
"648","2006-600.jpg","fep"
"649","2025-600.jpg","wug"
"650","2007-600.jpg","gazzer"
"651","2002-600.jpg","kiv"
"652","2007-600.jpg","toma"
"653","2005-600.jpg","gazzer"
"654","2007-600.jpg","toma"
"655","2056-600.jpg","kreeb"
"656","2006-600.jpg","dax"
"657","2056-600.jpg","kreeb"
"658","2009-600.jpg","wug"
"659","2007-600.jpg","toma"
"660","2009-600.jpg","wug"
"661","2056-600.jpg","kreeb"
"662","2002-600.jpg","manu"
"663","2056-600.jpg","kreeb"
"664","2009-600.jpg","wug"
"665","2023-600.jpg","kiv"
"666","2007-600.jpg","toma"
"667","2005-600.jpg","gazzer"
"668","2006-600.jpg","dax"
"669","2025-600.jpg","fep"
"670","2001-600.jpg","blicket"
"671","2009-600.jpg","wug"
"672","2002-600.jpg","manu"
"673","2002-600.jpg","fep"
"674","2056-600.jpg","toma"
"675","2025-600.jpg","wug"
"676","2007-600.jpg","kiv"
"677","2056-600.jpg","toma"
"678","2023-600.jpg","manu"
"679","2009-600.jpg","dax"
"680","2005-600.jpg","kreeb"
"681","2006-600.jpg","gazzer"
"682","2009-600.jpg","dax"
"683","2005-600.jpg","kreeb"
"684","2056-600.jpg","toma"
"685","2001-600.jpg","blicket"
"686","2025-600.jpg","wug"
"687","2002-600.jpg","fep"
"688","2005-600.jpg","kreeb"
"689","2009-600.jpg","dax"
"690","2001-600.jpg","blicket"
"691","2056-600.jpg","toma"
"692","2009-600.jpg","dax"
"693","2005-600.jpg","kreeb"
"694","2007-600.jpg","blicket"
"695","2002-600.jpg","gazzer"
"696","2023-600.jpg","dax"
"697","2005-600.jpg","fep"
"698","2006-600.jpg","toma"
"699","2002-600.jpg","gazzer"
"700","2056-600.jpg","wug"
"701","2023-600.jpg","dax"
"702","2025-600.jpg","kreeb"
"703","2023-600.jpg","dax"
"704","2002-600.jpg","gazzer"
"705","2009-600.jpg","manu"
"706","2023-600.jpg","dax"
"707","2005-600.jpg","fep"
"708","2009-600.jpg","manu"
"709","2001-600.jpg","kiv"
"710","2009-600.jpg","manu"
"711","2056-600.jpg","wug"
"712","2006-600.jpg","toma"
"713","2002-600.jpg","gazzer"
"714","2009-600.jpg","manu"
"715","2009-600.jpg","kiv"
"716","2002-600.jpg","dax"
"717","2009-600.jpg","kiv"
"718","2007-600.jpg","blicket"
"719","2023-600.jpg","wug"
"720","2007-600.jpg","blicket"
"721","2001-600.jpg","fep"
"722","2009-600.jpg","kiv"
"723","2002-600.jpg","dax"
"724","2006-600.jpg","kreeb"
"725","2001-600.jpg","fep"
"726","2056-600.jpg","gazzer"
"727","2005-600.jpg","manu"
"728","2002-600.jpg","dax"
"729","2001-600.jpg","fep"
"730","2009-600.jpg","kiv"
"731","2025-600.jpg","toma"
"732","2006-600.jpg","kreeb"
"733","2023-600.jpg","wug"
"734","2002-600.jpg","dax"
"735","2001-600.jpg","fep"
"736","2001-600.jpg","fep"
"737","2006-600.jpg","kiv"
"738","2025-600.jpg","dax"
"739","2006-600.jpg","kiv"
"740","2002-600.jpg","toma"
"741","2056-600.jpg","blicket"
"742","2025-600.jpg","dax"
"743","2007-600.jpg","kreeb"
"744","2001-600.jpg","fep"
"745","2025-600.jpg","dax"
"746","2009-600.jpg","wug"
"747","2025-600.jpg","dax"
"748","2023-600.jpg","manu"
"749","2001-600.jpg","fep"
"750","2007-600.jpg","kreeb"
"751","2006-600.jpg","kiv"
"752","2009-600.jpg","wug"
"753","2006-600.jpg","kiv"
"754","2001-600.jpg","fep"
"755","2005-600.jpg","gazzer"
"756","2023-600.jpg","manu"
"757","2056-600.jpg","blicket"
"758","2005-600.jpg","wug"
"759","2009-600.jpg","fep"
"760","2025-600.jpg","kiv"
"761","2056-600.jpg","blicket"
"762","2007-600.jpg","gazzer"
"763","2056-600.jpg","blicket"
"764","2006-600.jpg","dax"
"765","2005-600.jpg","wug"
"766","2002-600.jpg","kreeb"
"767","2023-600.jpg","toma"
"768","2001-600.jpg","manu"
"769","2023-600.jpg","toma"
"770","2005-600.jpg","wug"
"771","2002-600.jpg","kreeb"
"772","2056-600.jpg","blicket"
"773","2023-600.jpg","toma"
"774","2007-600.jpg","gazzer"
"775","2009-600.jpg","fep"
"776","2005-600.jpg","wug"
"777","2023-600.jpg","toma"
"778","2056-600.jpg","kiv"
"779","2005-600.jpg","blicket"
"780","2007-600.jpg","gazzer"
"781","2023-600.jpg","toma"
"782","2007-600.jpg","gazzer"
"783","2056-600.jpg","kiv"
"784","2005-600.jpg","blicket"
"785","2001-600.jpg","manu"
"786","2009-600.jpg","wug"
"787","2023-600.jpg","toma"
"788","2005-600.jpg","blicket"
"789","2006-600.jpg","kreeb"
"790","2007-600.jpg","gazzer"
"791","2056-600.jpg","kiv"
"792","2002-600.jpg","fep"
"793","2001-600.jpg","manu"
"794","2006-600.jpg","kreeb"
"795","2025-600.jpg","dax"
"796","2005-600.jpg","blicket"
"797","2056-600.jpg","kiv"
"798","2007-600.jpg","gazzer"
"799","2023-600.jpg","dax"
"800","2056-600.jpg","kreeb"
"801","2025-600.jpg","toma"
"802","2056-600.jpg","kreeb"
"803","2023-600.jpg","dax"
"804","2001-600.jpg","gazzer"
"805","2056-600.jpg","kreeb"
"806","2007-600.jpg","kiv"
"807","2023-600.jpg","dax"
"808","2006-600.jpg","fep"
"809","2023-600.jpg","dax"
"810","2005-600.jpg","wug"
"811","2025-600.jpg","toma"
"812","2001-600.jpg","gazzer"
"813","2009-600.jpg","blicket"
"814","2001-600.jpg","gazzer"
"815","2002-600.jpg","manu"
"816","2007-600.jpg","kiv"
"817","2009-600.jpg","blicket"
"818","2056-600.jpg","kreeb"
"819","2001-600.jpg","gazzer"
"820","2006-600.jpg","blicket"
"821","2023-600.jpg","dax"
"822","2001-600.jpg","kreeb"
"823","2023-600.jpg","dax"
"824","2002-600.jpg","fep"
"825","2007-600.jpg","wug"
"826","2002-600.jpg","fep"
"827","2025-600.jpg","toma"
"828","2056-600.jpg","gazzer"
"829","2006-600.jpg","blicket"
"830","2001-600.jpg","kreeb"
"831","2006-600.jpg","blicket"
"832","2023-600.jpg","dax"
"833","2006-600.jpg","blicket"
"834","2002-600.jpg","fep"
"835","2023-600.jpg","dax"
"836","2007-600.jpg","wug"
"837","2005-600.jpg","kiv"
"838","2056-600.jpg","gazzer"
"839","2009-600.jpg","manu"
"840","2002-600.jpg","fep"
"841","2056-600.jpg","wug"
"842","2006-600.jpg","manu"
"843","2009-600.jpg","toma"
"844","2023-600.jpg","fep"
"845","2007-600.jpg","gazzer"
"846","2005-600.jpg","blicket"
"847","2006-600.jpg","manu"
"848","2007-600.jpg","gazzer"
"849","2005-600.jpg","blicket"
"850","2007-600.jpg","gazzer"
"851","2001-600.jpg","dax"
"852","2023-600.jpg","fep"
"853","2002-600.jpg","kreeb"
"854","2005-600.jpg","blicket"
"855","2006-600.jpg","manu"
"856","2007-600.jpg","gazzer"
"857","2056-600.jpg","wug"
"858","2009-600.jpg","toma"
"859","2005-600.jpg","blicket"
"860","2006-600.jpg","manu"
"861","2025-600.jpg","kiv"
"862","2006-600.jpg","wug"
"863","2007-600.jpg","manu"
"864","2002-600.jpg","dax"
"865","2056-600.jpg","fep"
"866","2005-600.jpg","kreeb"
"867","2002-600.jpg","dax"
"868","2023-600.jpg","toma"
"869","2001-600.jpg","gazzer"
"870","2023-600.jpg","toma"
"871","2056-600.jpg","fep"
"872","2009-600.jpg","blicket"
"873","2023-600.jpg","toma"
"874","2001-600.jpg","gazzer"
"875","2009-600.jpg","blicket"
"876","2025-600.jpg","kiv"
"877","2023-600.jpg","toma"
"878","2009-600.jpg","blicket"
"879","2002-600.jpg","dax"
"880","2005-600.jpg","kreeb"
"881","2002-600.jpg","dax"
"882","2009-600.jpg","blicket"
"883","2006-600.jpg","gazzer"
"884","2002-600.jpg","wug"
"885","2007-600.jpg","kiv"
"886","2006-600.jpg","gazzer"
"887","2005-600.jpg","fep"
"888","2025-600.jpg","toma"
"889","2023-600.jpg","dax"
"890","2006-600.jpg","gazzer"
"891","2001-600.jpg","kreeb"
"892","2007-600.jpg","kiv"
"893","2023-600.jpg","dax"
"894","2005-600.jpg","fep"
"895","2001-600.jpg","kreeb"
"896","2025-600.jpg","toma"
"897","2006-600.jpg","gazzer"
"898","2009-600.jpg","blicket"
"899","2005-600.jpg","fep"
"900","2025-600.jpg","toma"
"901","2005-600.jpg","fep"
"902","2056-600.jpg","manu"
"903","2025-600.jpg","toma"
"904","2005-600.jpg","fep"
"905","2002-600.jpg","gazzer"
"906","2023-600.jpg","blicket"
"907","2001-600.jpg","toma"
"908","2025-600.jpg","kiv"
"909","2001-600.jpg","toma"
"910","2056-600.jpg","dax"
"911","2006-600.jpg","wug"
"912","2009-600.jpg","kreeb"
"913","2002-600.jpg","gazzer"
"914","2006-600.jpg","wug"
"915","2005-600.jpg","fep"
"916","2056-600.jpg","dax"
"917","2002-600.jpg","gazzer"
"918","2007-600.jpg","manu"
"919","2005-600.jpg","fep"
"920","2001-600.jpg","toma"
"921","2002-600.jpg","gazzer"
"922","2023-600.jpg","blicket"
"923","2005-600.jpg","fep"
"924","2001-600.jpg","toma"
"925","2056-600.jpg","wug"
"926","2002-600.jpg","manu"
"927","2007-600.jpg","dax"
"928","2009-600.jpg","kiv"
"929","2006-600.jpg","gazzer"
"930","2056-600.jpg","wug"
"931","2007-600.jpg","dax"
"932","2025-600.jpg","kreeb"
"933","2056-600.jpg","wug"
"934","2005-600.jpg","blicket"
"935","2009-600.jpg","kiv"
"936","2007-600.jpg","dax"
"937","2023-600.jpg","toma"
"938","2005-600.jpg","blicket"
"939","2009-600.jpg","kiv"
"940","2056-600.jpg","wug"
"941","2001-600.jpg","fep"
"942","2002-600.jpg","manu"
"943","2007-600.jpg","dax"
"944","2009-600.jpg","kiv"
"945","2025-600.jpg","kreeb"
"946","2006-600.jpg","toma"
"947","2025-600.jpg","wug"
"948","2056-600.jpg","gazzer"
"949","2009-600.jpg","blicket"
"950","2056-600.jpg","gazzer"
"951","2023-600.jpg","dax"
"952","2025-600.jpg","wug"
"953","2056-600.jpg","gazzer"
"954","2007-600.jpg","kreeb"
"955","2001-600.jpg","fep"
"956","2007-600.jpg","kreeb"
"957","2025-600.jpg","wug"
"958","2056-600.jpg","gazzer"
"959","2002-600.jpg","kiv"
"960","2005-600.jpg","manu"
"961","2025-600.jpg","wug"
"962","2009-600.jpg","blicket"
"963","2007-600.jpg","kreeb"
"964","2001-600.jpg","fep"
"965","2023-600.jpg","dax"
"966","2007-600.jpg","kreeb"
"967","2005-600.jpg","dax"
"968","2056-600.jpg","wug"
"969","2023-600.jpg","kreeb"
"970","2009-600.jpg","manu"
"971","2002-600.jpg","fep"
"972","2009-600.jpg","manu"
"973","2056-600.jpg","wug"
"974","2001-600.jpg","toma"
"975","2025-600.jpg","kiv"
"976","2009-600.jpg","manu"
"977","2005-600.jpg","dax"
"978","2056-600.jpg","wug"
"979","2005-600.jpg","dax"
"980","2007-600.jpg","blicket"
"981","2002-600.jpg","fep"
"982","2023-600.jpg","kreeb"
"983","2009-600.jpg","manu"
"984","2001-600.jpg","toma"
"985","2056-600.jpg","wug"
"986","2005-600.jpg","dax"
"987","2006-600.jpg","gazzer"
"988","2023-600.jpg","gazzer"
"989","2025-600.jpg","fep"
"990","2005-600.jpg","dax"
"991","2025-600.jpg","fep"
"992","2023-600.jpg","gazzer"
"993","2001-600.jpg","toma"
"994","2007-600.jpg","blicket"
"995","2009-600.jpg","kiv"
"996","2001-600.jpg","toma"
"997","2002-600.jpg","manu"
"998","2056-600.jpg","wug"
"999","2005-600.jpg","dax"
"1000","2007-600.jpg","blicket"
"1001","2006-600.jpg","kreeb"
"1002","2023-600.jpg","gazzer"
"1003","2007-600.jpg","blicket"
"1004","2025-600.jpg","fep"
"1005","2007-600.jpg","blicket"
"1006","2023-600.jpg","gazzer"
"1007","2025-600.jpg","fep"
"1008","2009-600.jpg","kiv"
"1009","2023-600.jpg","kiv"
"1010","2009-600.jpg","fep"
"1011","2056-600.jpg","wug"
"1012","2025-600.jpg","toma"
"1013","2001-600.jpg","blicket"
"1014","2025-600.jpg","toma"
"1015","2009-600.jpg","fep"
"1016","2006-600.jpg","gazzer"
"1017","2056-600.jpg","wug"
"1018","2005-600.jpg","kreeb"
"1019","2001-600.jpg","blicket"
"1020","2056-600.jpg","wug"
"1021","2006-600.jpg","gazzer"
"1022","2009-600.jpg","fep"
"1023","2007-600.jpg","manu"
"1024","2025-600.jpg","toma"
"1025","2007-600.jpg","manu"
"1026","2025-600.jpg","toma"
"1027","2002-600.jpg","dax"
"1028","2056-600.jpg","wug"
"1029","2009-600.jpg","fep"
"1030","2002-600.jpg","blicket"
"1031","2007-600.jpg","fep"
"1032","2056-600.jpg","manu"
"1033","2002-600.jpg","blicket"
"1034","2009-600.jpg","dax"
"1035","2025-600.jpg","kreeb"
"1036","2023-600.jpg","kiv"
"1037","2056-600.jpg","manu"
"1038","2001-600.jpg","wug"
"1039","2006-600.jpg","toma"
"1040","2007-600.jpg","fep"
"1041","2025-600.jpg","kreeb"
"1042","2009-600.jpg","dax"
"1043","2007-600.jpg","fep"
"1044","2025-600.jpg","kreeb"
"1045","2009-600.jpg","dax"
"1046","2006-600.jpg","toma"
"1047","2025-600.jpg","kreeb"
"1048","2005-600.jpg","gazzer"
"1049","2009-600.jpg","dax"
"1050","2007-600.jpg","fep"
"1051","2002-600.jpg","toma"
"1052","2007-600.jpg","fep"
"1053","2023-600.jpg","manu"
"1054","2001-600.jpg","kreeb"
"1055","2005-600.jpg","wug"
"1056","2002-600.jpg","toma"
"1057","2005-600.jpg","wug"
"1058","2007-600.jpg","fep"
"1059","2005-600.jpg","wug"
"1060","2007-600.jpg","fep"
"1061","2023-600.jpg","manu"
"1062","2025-600.jpg","blicket"
"1063","2023-600.jpg","manu"
"1064","2056-600.jpg","dax"
"1065","2009-600.jpg","kiv"
"1066","2007-600.jpg","fep"
"1067","2023-600.jpg","manu"
"1068","2006-600.jpg","gazzer"
"1069","2005-600.jpg","wug"
"1070","2001-600.jpg","kreeb"
"1071","2056-600.jpg","dax"
"1072","2009-600.jpg","wug"
"1073","2025-600.jpg","kreeb"
"1074","2023-600.jpg","manu"
"1075","2056-600.jpg","toma"
"1076","2023-600.jpg","manu"
"1077","2056-600.jpg","toma"
"1078","2001-600.jpg","fep"
"1079","2056-600.jpg","toma"
"1080","2002-600.jpg","kiv"
"1081","2023-600.jpg","manu"
"1082","2002-600.jpg","kiv"
"1083","2009-600.jpg","wug"
"1084","2001-600.jpg","fep"
"1085","2007-600.jpg","dax"
"1086","2056-600.jpg","toma"
"1087","2009-600.jpg","wug"
"1088","2006-600.jpg","gazzer"
"1089","2005-600.jpg","blicket"
"1090","2007-600.jpg","dax"
"1091","2009-600.jpg","wug"
"1092","2023-600.jpg","manu"
"1093","2056-600.jpg","kiv"
"1094","2025-600.jpg","wug"
"1095","2006-600.jpg","gazzer"
"1096","2005-600.jpg","kreeb"
"1097","2009-600.jpg","manu"
"1098","2002-600.jpg","fep"
"1099","2009-600.jpg","manu"
"1100","2002-600.jpg","fep"
"1101","2006-600.jpg","gazzer"
"1102","2007-600.jpg","blicket"
"1103","2002-600.jpg","fep"
"1104","2009-600.jpg","manu"
"1105","2023-600.jpg","toma"
"1106","2025-600.jpg","wug"
"1107","2001-600.jpg","dax"
"1108","2009-600.jpg","manu"
"1109","2023-600.jpg","toma"
"1110","2025-600.jpg","wug"
"1111","2005-600.jpg","kreeb"
"1112","2002-600.jpg","fep"
"1113","2025-600.jpg","wug"
"1114","2056-600.jpg","toma"
"1115","2006-600.jpg","kreeb"
"1116","2009-600.jpg","dax"
"1117","2025-600.jpg","gazzer"
"1118","2009-600.jpg","dax"
"1119","2025-600.jpg","gazzer"
"1120","2009-600.jpg","dax"
"1121","2007-600.jpg","fep"
"1122","2001-600.jpg","wug"
"1123","2006-600.jpg","kreeb"
"1124","2023-600.jpg","manu"
"1125","2025-600.jpg","gazzer"
"1126","2001-600.jpg","wug"
"1127","2056-600.jpg","toma"
"1128","2009-600.jpg","dax"
"1129","2002-600.jpg","kiv"
"1130","2001-600.jpg","wug"
"1131","2005-600.jpg","blicket"
"1132","2025-600.jpg","gazzer"
"1133","2001-600.jpg","wug"
"1134","2023-600.jpg","manu"
"1135","2002-600.jpg","manu"
"1136","2001-600.jpg","dax"
"1137","2006-600.jpg","toma"
"1138","2023-600.jpg","blicket"
"1139","2006-600.jpg","toma"
"1140","2009-600.jpg","kiv"
"1141","2002-600.jpg","manu"
"1142","2009-600.jpg","kiv"
"1143","2006-600.jpg","toma"
"1144","2056-600.jpg","wug"
"1145","2009-600.jpg","kiv"
"1146","2002-600.jpg","manu"
"1147","2006-600.jpg","toma"
"1148","2007-600.jpg","fep"
"1149","2056-600.jpg","wug"
"1150","2001-600.jpg","dax"
"1151","2005-600.jpg","gazzer"
"1152","2009-600.jpg","kiv"
"1153","2025-600.jpg","kreeb"
"1154","2007-600.jpg","fep"
"1155","2002-600.jpg","manu"
"1156","2005-600.jpg","blicket"
"1157","2006-600.jpg","dax"
"1158","2001-600.jpg","fep"
"1159","2007-600.jpg","wug"
"1160","2005-600.jpg","blicket"
"1161","2025-600.jpg","kreeb"
"1162","2001-600.jpg","fep"
"1163","2009-600.jpg","manu"
"1164","2056-600.jpg","kiv"
"1165","2025-600.jpg","kreeb"
"1166","2005-600.jpg","blicket"
"1167","2023-600.jpg","gazzer"
"1168","2056-600.jpg","kiv"
"1169","2001-600.jpg","fep"
"1170","2005-600.jpg","blicket"
"1171","2025-600.jpg","kreeb"
"1172","2002-600.jpg","toma"
"1173","2009-600.jpg","manu"
"1174","2001-600.jpg","fep"
"1175","2023-600.jpg","gazzer"
"1176","2025-600.jpg","kreeb"
"1177","2005-600.jpg","blicket"
"1178","2001-600.jpg","fep"
"1179","2025-600.jpg","manu"
"1180","2001-600.jpg","fep"
"1181","2007-600.jpg","kiv"
"1182","2056-600.jpg","gazzer"
"1183","2007-600.jpg","kiv"
"1184","2009-600.jpg","toma"
"1185","2005-600.jpg","blicket"
"1186","2002-600.jpg","kreeb"
"1187","2023-600.jpg","dax"
"1188","2002-600.jpg","kreeb"
"1189","2009-600.jpg","toma"
"1190","2007-600.jpg","kiv"
"1191","2002-600.jpg","kreeb"
"1192","2009-600.jpg","toma"
"1193","2023-600.jpg","dax"
"1194","2009-600.jpg","toma"
"1195","2002-600.jpg","kreeb"
"1196","2006-600.jpg","wug"
"1197","2007-600.jpg","kiv"
"1198","2007-600.jpg","manu"
"1199","2006-600.jpg","dax"
"1200","2023-600.jpg","blicket"
"1201","2005-600.jpg","kiv"
"1202","2006-600.jpg","dax"
"1203","2005-600.jpg","kiv"
"1204","2006-600.jpg","dax"
"1205","2001-600.jpg","fep"
"1206","2002-600.jpg","toma"
"1207","2056-600.jpg","wug"
"1208","2006-600.jpg","dax"
"1209","2002-600.jpg","toma"
"1210","2023-600.jpg","blicket"
"1211","2002-600.jpg","toma"
"1212","2001-600.jpg","fep"
"1213","2025-600.jpg","gazzer"
"1214","2023-600.jpg","blicket"
"1215","2002-600.jpg","toma"
"1216","2025-600.jpg","gazzer"
"1217","2009-600.jpg","kreeb"
"1218","2023-600.jpg","blicket"
"1219","2025-600.jpg","gazzer"
"1220","2023-600.jpg","fep"
"1221","2005-600.jpg","blicket"
"1222","2007-600.jpg","manu"
"1223","2009-600.jpg","kiv"
"1224","2056-600.jpg","toma"
"1225","2009-600.jpg","kiv"
"1226","2006-600.jpg","dax"
"1227","2023-600.jpg","fep"
"1228","2056-600.jpg","toma"
"1229","2009-600.jpg","kiv"
"1230","2023-600.jpg","fep"
"1231","2025-600.jpg","gazzer"
"1232","2007-600.jpg","manu"
"1233","2023-600.jpg","fep"
"1234","2009-600.jpg","kiv"
"1235","2005-600.jpg","blicket"
"1236","2002-600.jpg","wug"
"1237","2025-600.jpg","gazzer"
"1238","2001-600.jpg","kreeb"
"1239","2025-600.jpg","gazzer"
"1240","2005-600.jpg","kreeb"
"1241","2025-600.jpg","fep"
"1242","2005-600.jpg","kreeb"
"1243","2002-600.jpg","dax"
"1244","2005-600.jpg","kreeb"
"1245","2056-600.jpg","wug"
"1246","2002-600.jpg","dax"
"1247","2006-600.jpg","gazzer"
"1248","2005-600.jpg","kreeb"
"1249","2007-600.jpg","kiv"
"1250","2009-600.jpg","toma"
"1251","2023-600.jpg","manu"
"1252","2007-600.jpg","kiv"
"1253","2009-600.jpg","toma"
"1254","2001-600.jpg","blicket"
"1255","2009-600.jpg","toma"
"1256","2023-600.jpg","manu"
"1257","2009-600.jpg","toma"
"1258","2002-600.jpg","dax"
"1259","2006-600.jpg","gazzer"
"1260","2002-600.jpg","dax"
