"","subID","condition","trialnum","targetLabel","exposureRate","knownAdj","method","typedLabel","communicationCorrect","gameClosest","gameDistance","communicationCorrectAdj","firstTrial","trueClickPoints","trueLabelPoints"
"1",1,"100_30",36,"blicket",2,1,"label","blicket",1,"blicket",0,1,"First",30,100
"2",1,"100_30",37,"dax",2,1,"label","dax",1,"dax",0,1,"First",30,100
"3",1,"100_30",38,"fep",4,1,"label","fep",1,"fep",0,1,"First",30,100
"4",1,"100_30",39,"wug",4,1,"label","wug",1,"wug",0,1,"First",30,100
"5",1,"100_30",40,"toma",1,1,"label","toma",1,"toma",0,1,"First",30,100
"6",1,"100_30",41,"kiv",1,1,"label","kiv",1,"kiv",0,1,"First",30,100
"7",1,"100_30",42,"manu",1,NA,"click",NA,1,NA,NA,NA,"First",30,100
"8",1,"100_30",43,"toma",1,1,"label","toma",1,"toma",0,1,"Second",30,100
"9",1,"100_30",44,"blicket",2,1,"label","blicket",1,"blicket",0,1,"Second",30,100
"10",1,"100_30",45,"kiv",1,1,"label","kiv",1,"kiv",0,1,"Second",30,100
"11",1,"100_30",46,"kreeb",4,1,"label","kreeb",1,"kreeb",0,1,"First",30,100
"12",1,"100_30",47,"fep",4,1,"label","fep",1,"fep",0,1,"Second",30,100
"13",1,"100_30",48,"gazzer",2,1,"label","gazzer",1,"gazzer",0,1,"First",30,100
"14",1,"100_30",49,"kreeb",4,1,"label","kreeb",1,"kreeb",0,1,"Second",30,100
"15",1,"100_30",50,"wug",4,1,"label","wug",1,"wug",0,1,"Second",30,100
"16",1,"100_30",51,"gazzer",2,1,"label","gazzer",1,"gazzer",0,1,"Second",30,100
"17",1,"100_30",52,"dax",2,1,"label","dax",1,"dax",0,1,"Second",30,100
"18",1,"100_30",53,"manu",1,NA,"click",NA,1,NA,NA,NA,"Second",30,100
"19",2,"100_30",36,"kreeb",4,1,"label","kreeg",1,"kreeb",1,1,"First",30,100
"20",2,"100_30",37,"blicket",1,NA,"click",NA,1,NA,NA,NA,"First",30,100
"21",2,"100_30",38,"fep",1,NA,"click",NA,1,NA,NA,NA,"First",30,100
"22",2,"100_30",39,"wug",4,1,"label","wug",1,"wug",0,1,"First",30,100
"23",2,"100_30",40,"gazzer",4,1,"label","gazzer",1,"gazzer",0,1,"First",30,100
"24",2,"100_30",41,"fep",1,NA,"click",NA,1,NA,NA,NA,"Second",30,100
"25",2,"100_30",42,"gazzer",4,1,"label","gazzer",1,"gazzer",0,1,"Second",30,100
"26",2,"100_30",43,"kiv",2,1,"label","vic",1,"kiv",2,1,"First",30,100
"27",2,"100_30",44,"blicket",1,NA,"click",NA,1,NA,NA,NA,"Second",30,100
"28",2,"100_30",45,"manu",2,1,"label","mannu",1,"manu",1,1,"First",30,100
"29",2,"100_30",46,"kreeb",4,1,"label","kreeg",1,"kreeb",1,1,"Second",30,100
"30",2,"100_30",47,"wug",4,1,"label","wug",1,"wug",0,1,"Second",30,100
"31",2,"100_30",48,"dax",2,1,"label","dax",1,"dax",0,1,"First",30,100
"32",2,"100_30",49,"manu",2,1,"label","mannu",1,"manu",1,1,"Second",30,100
"33",2,"100_30",50,"toma",1,NA,"click",NA,1,NA,NA,NA,"First",30,100
"34",2,"100_30",51,"kiv",2,1,"label","vic",1,"kiv",2,1,"Second",30,100
"35",2,"100_30",52,"toma",1,NA,"click",NA,1,NA,NA,NA,"Second",30,100
"36",2,"100_30",53,"dax",2,1,"label","dax",1,"dax",0,1,"Second",30,100
"37",3,"100_30",36,"blicket",4,1,"label","blicket",1,"blicket",0,1,"First",30,100
"38",3,"100_30",37,"kiv",4,1,"click",NA,1,NA,NA,NA,"First",30,100
"39",3,"100_30",38,"wug",2,1,"label","wux",1,"wug",1,1,"First",30,100
"40",3,"100_30",39,"kreeb",1,0,"click",NA,1,NA,NA,NA,"First",30,100
"41",3,"100_30",40,"toma",1,1,"click",NA,1,NA,NA,NA,"First",30,100
"42",3,"100_30",41,"fep",1,NA,"label","wex",0,"fep",2,1,"First",30,100
"43",3,"100_30",42,"manu",4,0,"click",NA,1,NA,NA,NA,"First",30,100
"44",3,"100_30",43,"gazzer",2,1,"label","gazzer",1,"gazzer",0,1,"First",30,100
"45",3,"100_30",44,"wug",2,1,"label","wex",0,"wug",2,1,"Second",30,100
"46",3,"100_30",45,"blicket",4,1,"label","blicket",1,"blicket",0,1,"Second",30,100
"47",3,"100_30",46,"gazzer",2,1,"label","gazzer",1,"gazzer",0,1,"Second",30,100
"48",3,"100_30",47,"kreeb",1,0,"click",NA,1,NA,NA,NA,"Second",30,100
"49",3,"100_30",48,"dax",2,1,"click",NA,1,NA,NA,NA,"First",30,100
"50",3,"100_30",49,"fep",1,NA,"click",NA,1,NA,NA,NA,"Second",30,100
"51",3,"100_30",50,"dax",2,1,"click",NA,1,NA,NA,NA,"Second",30,100
"52",3,"100_30",51,"manu",4,0,"click",NA,1,NA,NA,NA,"Second",30,100
"53",3,"100_30",52,"kiv",4,1,"click",NA,1,NA,NA,NA,"Second",30,100
"54",3,"100_30",53,"toma",1,1,"click",NA,1,NA,NA,NA,"Second",30,100
"55",4,"100_30",36,"dax",1,NA,"click",NA,1,NA,NA,NA,"First",30,100
"56",4,"100_30",37,"toma",4,NA,"click",NA,1,NA,NA,NA,"First",30,100
"57",4,"100_30",38,"kiv",1,NA,"click",NA,1,NA,NA,NA,"First",30,100
"58",4,"100_30",39,"fep",2,NA,"click",NA,1,NA,NA,NA,"First",30,100
"59",4,"100_30",40,"blicket",2,NA,"click",NA,1,NA,NA,NA,"First",30,100
"60",4,"100_30",41,"kreeb",4,1,"click",NA,1,NA,NA,NA,"First",30,100
"61",4,"100_30",42,"gazzer",2,NA,"click",NA,1,NA,NA,NA,"First",30,100
"62",4,"100_30",43,"wug",1,NA,"click",NA,1,NA,NA,NA,"First",30,100
"63",4,"100_30",44,"toma",4,NA,"click",NA,1,NA,NA,NA,"Second",30,100
"64",4,"100_30",45,"wug",1,NA,"click",NA,1,NA,NA,NA,"Second",30,100
"65",4,"100_30",46,"manu",4,NA,"click",NA,1,NA,NA,NA,"First",30,100
"66",4,"100_30",47,"fep",2,NA,"click",NA,1,NA,NA,NA,"Second",30,100
"67",4,"100_30",48,"kiv",1,NA,"click",NA,1,NA,NA,NA,"Second",30,100
"68",4,"100_30",49,"blicket",2,NA,"click",NA,1,NA,NA,NA,"Second",30,100
"69",4,"100_30",50,"gazzer",2,NA,"click",NA,1,NA,NA,NA,"Second",30,100
"70",4,"100_30",51,"kreeb",4,1,"click",NA,1,NA,NA,NA,"Second",30,100
"71",4,"100_30",52,"dax",1,NA,"click",NA,1,NA,NA,NA,"Second",30,100
"72",4,"100_30",53,"manu",4,NA,"click",NA,1,NA,NA,NA,"Second",30,100
"73",6,"100_30",36,"wug",4,1,"label","wug",1,"wug",0,1,"First",30,100
"74",6,"100_30",37,"blicket",1,1,"label","blicket",1,"blicket",0,1,"First",30,100
"75",6,"100_30",38,"manu",1,1,"label","manu",1,"manu",0,1,"First",30,100
"76",6,"100_30",39,"kiv",4,1,"label","kiv",1,"kiv",0,1,"First",30,100
"77",6,"100_30",40,"dax",4,1,"label","dax",1,"dax",0,1,"First",30,100
"78",6,"100_30",41,"gazzer",1,1,"label","gazzer",1,"gazzer",0,1,"First",30,100
"79",6,"100_30",42,"blicket",1,1,"label","blicket",1,"blicket",0,1,"Second",30,100
"80",6,"100_30",43,"gazzer",1,1,"label","gazzer",1,"gazzer",0,1,"Second",30,100
"81",6,"100_30",44,"wug",4,1,"label","wug",1,"wug",0,1,"Second",30,100
"82",6,"100_30",45,"kiv",4,1,"label","kiv",1,"kiv",0,1,"Second",30,100
"83",6,"100_30",46,"manu",1,1,"label","manu",1,"manu",0,1,"Second",30,100
"84",6,"100_30",47,"fep",2,1,"label","fep",1,"fep",0,1,"First",30,100
"85",6,"100_30",48,"dax",4,1,"label","dax",1,"dax",0,1,"Second",30,100
"86",6,"100_30",49,"kreeb",2,1,"label","kreeb",1,"kreeb",0,1,"First",30,100
"87",6,"100_30",50,"toma",2,1,"label","toma",1,"toma",0,1,"First",30,100
"88",6,"100_30",51,"fep",2,1,"label","fep",1,"fep",0,1,"Second",30,100
"89",6,"100_30",52,"kreeb",2,1,"label","kreeb",1,"kreeb",0,1,"Second",30,100
"90",6,"100_30",53,"toma",2,1,"label","toma",1,"toma",0,1,"Second",30,100
"91",7,"100_30",36,"kiv",2,1,"click",NA,1,NA,NA,NA,"First",30,100
"92",7,"100_30",37,"kreeb",1,NA,"click",NA,1,NA,NA,NA,"First",30,100
"93",7,"100_30",38,"wug",1,1,"click",NA,1,NA,NA,NA,"First",30,100
"94",7,"100_30",39,"manu",2,NA,"click",NA,1,NA,NA,NA,"First",30,100
"95",7,"100_30",40,"fep",4,1,"label","fep",1,"fep",0,1,"First",30,100
"96",7,"100_30",41,"gazzer",2,1,"label","gazzer",1,"gazzer",0,1,"First",30,100
"97",7,"100_30",42,"kreeb",1,NA,"click",NA,1,NA,NA,NA,"Second",30,100
"98",7,"100_30",43,"dax",4,1,"click",NA,1,NA,NA,NA,"First",30,100
"99",7,"100_30",44,"blicket",1,1,"label","blicket",1,"blicket",0,1,"First",30,100
"100",7,"100_30",45,"toma",4,NA,"click",NA,1,NA,NA,NA,"First",30,100
"101",7,"100_30",46,"dax",4,1,"label","dax",1,"dax",0,1,"Second",30,100
"102",7,"100_30",47,"wug",1,1,"click",NA,1,NA,NA,NA,"Second",30,100
"103",7,"100_30",48,"manu",2,NA,"click",NA,1,NA,NA,NA,"Second",30,100
"104",7,"100_30",49,"gazzer",2,1,"label","gazzer",1,"gazzer",0,1,"Second",30,100
"105",7,"100_30",50,"blicket",1,1,"label","blicket",1,"blicket",0,1,"Second",30,100
"106",7,"100_30",51,"kiv",2,1,"label","kiv",1,"kiv",0,1,"Second",30,100
"107",7,"100_30",52,"fep",4,1,"label","fep",1,"fep",0,1,"Second",30,100
"108",7,"100_30",53,"toma",4,NA,"click",NA,1,NA,NA,NA,"Second",30,100
"109",8,"100_30",36,"kreeb",2,1,"label","kreeb",1,"kreeb",0,1,"First",30,100
"110",8,"100_30",37,"toma",1,1,"label","toma",1,"toma",0,1,"First",30,100
"111",8,"100_30",38,"blicket",1,NA,"click",NA,1,NA,NA,NA,"First",30,100
"112",8,"100_30",39,"toma",1,1,"label","toma",1,"toma",0,1,"Second",30,100
"113",8,"100_30",40,"manu",4,1,"label","manu",1,"manu",0,1,"First",30,100
"114",8,"100_30",41,"kreeb",2,1,"label","kreeb",1,"kreeb",0,1,"Second",30,100
"115",8,"100_30",42,"kiv",2,1,"label","kiv",1,"kiv",0,1,"First",30,100
"116",8,"100_30",43,"wug",2,1,"label","wug",1,"wug",0,1,"First",30,100
"117",8,"100_30",44,"dax",1,1,"label","dax",1,"dax",0,1,"First",30,100
"118",8,"100_30",45,"gazzer",4,1,"label","gazzer",1,"gazzer",0,1,"First",30,100
"119",8,"100_30",46,"fep",4,1,"label","fep",1,"fep",0,1,"First",30,100
"120",8,"100_30",47,"manu",4,1,"label","manu",1,"manu",0,1,"Second",30,100
"121",8,"100_30",48,"gazzer",4,1,"label","gazzer",1,"gazzer",0,1,"Second",30,100
"122",8,"100_30",49,"dax",1,1,"label","dax",1,"dax",0,1,"Second",30,100
"123",8,"100_30",50,"blicket",1,NA,"click",NA,1,NA,NA,NA,"Second",30,100
"124",8,"100_30",51,"kiv",2,1,"label","kiv",1,"kiv",0,1,"Second",30,100
"125",8,"100_30",52,"wug",2,1,"label","wug",1,"wug",0,1,"Second",30,100
"126",8,"100_30",53,"fep",4,1,"label","fep",1,"fep",0,1,"Second",30,100
"127",11,"100_30",36,"wug",1,NA,"click",NA,1,NA,NA,NA,"First",30,100
"128",11,"100_30",37,"manu",1,NA,"click",NA,1,NA,NA,NA,"First",30,100
"129",11,"100_30",38,"dax",2,1,"label","dax",1,"dax",0,1,"First",30,100
"130",11,"100_30",39,"fep",4,1,"label","fep",1,"fep",0,1,"First",30,100
"131",11,"100_30",40,"wug",1,NA,"click",NA,1,NA,NA,NA,"Second",30,100
"132",11,"100_30",41,"kiv",2,1,"label","kiv",1,"kiv",0,1,"First",30,100
"133",11,"100_30",42,"gazzer",1,1,"label","gazzer",1,"gazzer",0,1,"First",30,100
"134",11,"100_30",43,"toma",4,1,"label","toma",1,"toma",0,1,"First",30,100
"135",11,"100_30",44,"manu",1,NA,"click",NA,1,NA,NA,NA,"Second",30,100
"136",11,"100_30",45,"blicket",4,1,"label","blicket",1,"blicket",0,1,"First",30,100
"137",11,"100_30",46,"toma",4,1,"label","toma",1,"toma",0,1,"Second",30,100
"138",11,"100_30",47,"fep",4,1,"label","fep",1,"fep",0,1,"Second",30,100
"139",11,"100_30",48,"dax",2,1,"label","dax",1,"dax",0,1,"Second",30,100
"140",11,"100_30",49,"kreeb",2,1,"click",NA,1,NA,NA,NA,"First",30,100
"141",11,"100_30",50,"blicket",4,1,"label","blicket",1,"blicket",0,1,"Second",30,100
"142",11,"100_30",51,"kiv",2,1,"label","kiv",1,"kiv",0,1,"Second",30,100
"143",11,"100_30",52,"kreeb",2,1,"click",NA,1,NA,NA,NA,"Second",30,100
"144",11,"100_30",53,"gazzer",1,1,"label","gazzer",1,"gazzer",0,1,"Second",30,100
"145",12,"100_30",36,"kiv",1,1,"label","kiv",1,"kiv",0,1,"First",30,100
"146",12,"100_30",37,"blicket",1,1,"label","bicket",1,"blicket",1,1,"First",30,100
"147",12,"100_30",38,"wug",2,1,"label","wug",1,"wug",0,1,"First",30,100
"148",12,"100_30",39,"fep",2,1,"label","fep",1,"fep",0,1,"First",30,100
"149",12,"100_30",40,"dax",1,1,"label","dax",1,"dax",0,1,"First",30,100
"150",12,"100_30",41,"kreeb",4,1,"label","kreeb",1,"kreeb",0,1,"First",30,100
"151",12,"100_30",42,"toma",2,1,"label","toma",1,"toma",0,1,"First",30,100
"152",12,"100_30",43,"dax",1,1,"label","dax",1,"dax",0,1,"Second",30,100
"153",12,"100_30",44,"wug",2,1,"label","wug",1,"wug",0,1,"Second",30,100
"154",12,"100_30",45,"blicket",1,1,"label","bicket",1,"blicket",1,1,"Second",30,100
"155",12,"100_30",46,"fep",2,1,"label","fep",1,"fep",0,1,"Second",30,100
"156",12,"100_30",47,"kreeb",4,1,"label","kreeb",1,"kreeb",0,1,"Second",30,100
"157",12,"100_30",48,"gazzer",4,1,"label","gazzer",1,"gazzer",0,1,"First",30,100
"158",12,"100_30",49,"kiv",1,1,"label","kiv",1,"kiv",0,1,"Second",30,100
"159",12,"100_30",50,"manu",4,1,"label","manu",1,"manu",0,1,"First",30,100
"160",12,"100_30",51,"toma",2,1,"label","toma",1,"toma",0,1,"Second",30,100
"161",12,"100_30",52,"manu",4,1,"label","manu",1,"manu",0,1,"Second",30,100
"162",12,"100_30",53,"gazzer",4,1,"label","gazzer",1,"gazzer",0,1,"Second",30,100
"163",14,"100_30",36,"dax",1,NA,"click",NA,1,NA,NA,NA,"First",30,100
"164",14,"100_30",37,"fep",4,1,"label","fep",1,"fep",0,1,"First",30,100
"165",14,"100_30",38,"kiv",2,1,"label","kiv",1,"kiv",0,1,"First",30,100
"166",14,"100_30",39,"blicket",2,1,"label","blicket",1,"blicket",0,1,"First",30,100
"167",14,"100_30",40,"toma",2,1,"label","toma",1,"toma",0,1,"First",30,100
"168",14,"100_30",41,"manu",1,NA,"click",NA,1,NA,NA,NA,"First",30,100
"169",14,"100_30",42,"wug",4,1,"label","wug",1,"wug",0,1,"First",30,100
"170",14,"100_30",43,"toma",2,1,"label","toma",1,"toma",0,1,"Second",30,100
"171",14,"100_30",44,"gazzer",1,NA,"click",NA,1,NA,NA,NA,"First",30,100
"172",14,"100_30",45,"fep",4,1,"label","fep",1,"fep",0,1,"Second",30,100
"173",14,"100_30",46,"dax",1,NA,"click",NA,1,NA,NA,NA,"Second",30,100
"174",14,"100_30",47,"kiv",2,1,"label","kiv",1,"kiv",0,1,"Second",30,100
"175",14,"100_30",48,"blicket",2,1,"label","blicket",1,"blicket",0,1,"Second",30,100
"176",14,"100_30",49,"gazzer",1,NA,"click",NA,1,NA,NA,NA,"Second",30,100
"177",14,"100_30",50,"wug",4,1,"label","wug",1,"wug",0,1,"Second",30,100
"178",14,"100_30",51,"kreeb",4,1,"label","kreeb",1,"kreeb",0,1,"First",30,100
"179",14,"100_30",52,"manu",1,NA,"click",NA,1,NA,NA,NA,"Second",30,100
"180",14,"100_30",53,"kreeb",4,1,"label","kreeb",1,"kreeb",0,1,"Second",30,100
"181",16,"100_30",36,"blicket",1,1,"click",NA,1,NA,NA,NA,"First",30,100
"182",16,"100_30",37,"kreeb",2,NA,"click",NA,1,NA,NA,NA,"First",30,100
"183",16,"100_30",38,"toma",1,1,"click",NA,1,NA,NA,NA,"First",30,100
"184",16,"100_30",39,"kiv",2,NA,"click",NA,1,NA,NA,NA,"First",30,100
"185",16,"100_30",40,"fep",4,NA,"click",NA,1,NA,NA,NA,"First",30,100
"186",16,"100_30",41,"wug",4,NA,"click",NA,1,NA,NA,NA,"First",30,100
"187",16,"100_30",42,"kreeb",2,NA,"click",NA,1,NA,NA,NA,"Second",30,100
"188",16,"100_30",43,"manu",4,NA,"click",NA,1,NA,NA,NA,"First",30,100
"189",16,"100_30",44,"kiv",2,NA,"click",NA,1,NA,NA,NA,"Second",30,100
"190",16,"100_30",45,"dax",2,1,"click",NA,1,NA,NA,NA,"First",30,100
"191",16,"100_30",46,"wug",4,NA,"click",NA,1,NA,NA,NA,"Second",30,100
"192",16,"100_30",47,"dax",2,1,"click",NA,1,NA,NA,NA,"Second",30,100
"193",16,"100_30",48,"blicket",1,1,"click",NA,1,NA,NA,NA,"Second",30,100
"194",16,"100_30",49,"fep",4,NA,"click",NA,1,NA,NA,NA,"Second",30,100
"195",16,"100_30",50,"manu",4,NA,"click",NA,1,NA,NA,NA,"Second",30,100
"196",16,"100_30",51,"gazzer",1,1,"click",NA,1,NA,NA,NA,"First",30,100
"197",16,"100_30",52,"toma",1,1,"click",NA,1,NA,NA,NA,"Second",30,100
"198",16,"100_30",53,"gazzer",1,1,"click",NA,0,NA,NA,NA,"Second",30,100
"199",18,"100_30",36,"toma",4,1,"label","toma",1,"toma",0,1,"First",30,100
"200",18,"100_30",37,"blicket",1,NA,"click",NA,1,NA,NA,NA,"First",30,100
"201",18,"100_30",38,"dax",1,NA,"click",NA,1,NA,NA,NA,"First",30,100
"202",18,"100_30",39,"toma",4,1,"label","toma",1,"toma",0,1,"Second",30,100
"203",18,"100_30",40,"gazzer",4,1,"label","gazzer",1,"gazzer",0,1,"First",30,100
"204",18,"100_30",41,"dax",1,NA,"click",NA,1,NA,NA,NA,"Second",30,100
"205",18,"100_30",42,"kiv",1,1,"click",NA,1,NA,NA,NA,"First",30,100
"206",18,"100_30",43,"fep",2,1,"label","fep",1,"fep",0,1,"First",30,100
"207",18,"100_30",44,"manu",2,0,"click",NA,1,NA,NA,NA,"First",30,100
"208",18,"100_30",45,"kiv",1,1,"click",NA,1,NA,NA,NA,"Second",30,100
"209",18,"100_30",46,"wug",2,1,"label","wug",1,"wug",0,1,"First",30,100
"210",18,"100_30",47,"gazzer",4,1,"label","gazzer",1,"gazzer",0,1,"Second",30,100
"211",18,"100_30",48,"wug",2,1,"label","wug",1,"wug",0,1,"Second",30,100
"212",18,"100_30",49,"blicket",1,NA,"click",NA,1,NA,NA,NA,"Second",30,100
"213",18,"100_30",50,"kreeb",4,1,"label","kreeb",1,"kreeb",0,1,"First",30,100
"214",18,"100_30",51,"manu",2,0,"click",NA,1,NA,NA,NA,"Second",30,100
"215",18,"100_30",52,"fep",2,1,"label","fep",1,"fep",0,1,"Second",30,100
"216",18,"100_30",53,"kreeb",4,1,"label","kreeb",1,"kreeb",0,1,"Second",30,100
"217",19,"100_30",36,"kreeb",4,1,"label","kreeb",1,"kreeb",0,1,"First",30,100
"218",19,"100_30",37,"blicket",2,1,"label","blicket",1,"blicket",0,1,"First",30,100
"219",19,"100_30",38,"gazzer",1,1,"label","gazzer",1,"gazzer",0,1,"First",30,100
"220",19,"100_30",39,"manu",4,1,"label","manu",1,"manu",0,1,"First",30,100
"221",19,"100_30",40,"wug",1,NA,"click",NA,1,NA,NA,NA,"First",30,100
"222",19,"100_30",41,"fep",2,1,"label","fep",1,"fep",0,1,"First",30,100
"223",19,"100_30",42,"manu",4,1,"label","manu",1,"manu",0,1,"Second",30,100
"224",19,"100_30",43,"blicket",2,1,"label","blicket",1,"blicket",0,1,"Second",30,100
"225",19,"100_30",44,"kiv",2,1,"label","kiv",1,"kiv",0,1,"First",30,100
"226",19,"100_30",45,"gazzer",1,1,"label","gazzer",1,"gazzer",0,1,"Second",30,100
"227",19,"100_30",46,"toma",1,NA,"click",NA,1,NA,NA,NA,"First",30,100
"228",19,"100_30",47,"kreeb",4,1,"label","kreeb",1,"kreeb",0,1,"Second",30,100
"229",19,"100_30",48,"dax",4,1,"label","dax",1,"dax",0,1,"First",30,100
"230",19,"100_30",49,"fep",2,1,"label","fep",1,"fep",0,1,"Second",30,100
"231",19,"100_30",50,"dax",4,1,"label","dax",1,"dax",0,1,"Second",30,100
"232",19,"100_30",51,"wug",1,NA,"click",NA,1,NA,NA,NA,"Second",30,100
"233",19,"100_30",52,"kiv",2,1,"label","kiv",1,"kiv",0,1,"Second",30,100
"234",19,"100_30",53,"toma",1,NA,"click",NA,1,NA,NA,NA,"Second",30,100
"235",20,"100_30",36,"kreeb",2,1,"click",NA,1,NA,NA,NA,"First",30,100
"236",20,"100_30",37,"dax",4,1,"label","dax",1,"dax",0,1,"First",30,100
"237",20,"100_30",38,"toma",2,1,"label","toma",1,"toma",0,1,"First",30,100
"238",20,"100_30",39,"kiv",4,1,"label","kiv",1,"kiv",0,1,"First",30,100
"239",20,"100_30",40,"toma",2,1,"label","toma",1,"toma",0,1,"Second",30,100
"240",20,"100_30",41,"kreeb",2,1,"label","kreeb",1,"kreeb",0,1,"Second",30,100
"241",20,"100_30",42,"wug",4,1,"label","wug",1,"wug",0,1,"First",30,100
"242",20,"100_30",43,"blicket",2,1,"label","dricket",1,"blicket",2,1,"First",30,100
"243",20,"100_30",44,"manu",1,NA,"click",NA,1,NA,NA,NA,"First",30,100
"244",20,"100_30",45,"fep",1,NA,"click",NA,1,NA,NA,NA,"First",30,100
"245",20,"100_30",46,"gazzer",1,NA,"click",NA,1,NA,NA,NA,"First",30,100
"246",20,"100_30",47,"wug",4,1,"label","wug",1,"wug",0,1,"Second",30,100
"247",20,"100_30",48,"fep",1,NA,"click",NA,1,NA,NA,NA,"Second",30,100
"248",20,"100_30",49,"blicket",2,1,"label","dricket",1,"blicket",2,1,"Second",30,100
"249",20,"100_30",50,"kiv",4,1,"label","kiv",1,"kiv",0,1,"Second",30,100
"250",20,"100_30",51,"manu",1,NA,"click",NA,1,NA,NA,NA,"Second",30,100
"251",20,"100_30",52,"gazzer",1,NA,"click",NA,1,NA,NA,NA,"Second",30,100
"252",20,"100_30",53,"dax",4,1,"label","dax",1,"dax",0,1,"Second",30,100
"253",21,"100_30",36,"toma",4,NA,"click",NA,1,NA,NA,NA,"First",30,100
"254",21,"100_30",37,"blicket",1,NA,"click",NA,1,NA,NA,NA,"First",30,100
"255",21,"100_30",38,"manu",4,0,"click",NA,1,NA,NA,NA,"First",30,100
"256",21,"100_30",39,"dax",2,0,"click",NA,1,NA,NA,NA,"First",30,100
"257",21,"100_30",40,"toma",4,NA,"click",NA,1,NA,NA,NA,"Second",30,100
"258",21,"100_30",41,"wug",4,0,"click",NA,1,NA,NA,NA,"First",30,100
"259",21,"100_30",42,"gazzer",2,1,"click",NA,1,NA,NA,NA,"First",30,100
"260",21,"100_30",43,"kiv",1,0,"click",NA,1,NA,NA,NA,"First",30,100
"261",21,"100_30",44,"wug",4,0,"click",NA,1,NA,NA,NA,"Second",30,100
"262",21,"100_30",45,"manu",4,0,"click",NA,1,NA,NA,NA,"Second",30,100
"263",21,"100_30",46,"gazzer",2,1,"click",NA,1,NA,NA,NA,"Second",30,100
"264",21,"100_30",47,"fep",2,NA,"click",NA,1,NA,NA,NA,"First",30,100
"265",21,"100_30",48,"kiv",1,0,"click",NA,1,NA,NA,NA,"Second",30,100
"266",21,"100_30",49,"kreeb",1,1,"click",NA,1,NA,NA,NA,"First",30,100
"267",21,"100_30",50,"dax",2,0,"click",NA,1,NA,NA,NA,"Second",30,100
"268",21,"100_30",51,"fep",2,NA,"click",NA,1,NA,NA,NA,"Second",30,100
"269",21,"100_30",52,"blicket",1,NA,"click",NA,1,NA,NA,NA,"Second",30,100
"270",21,"100_30",53,"kreeb",1,1,"click",NA,1,NA,NA,NA,"Second",30,100
"271",22,"100_30",36,"toma",2,1,"label","toma",1,"toma",0,1,"First",30,100
"272",22,"100_30",37,"dax",4,1,"label","dax",1,"dax",0,1,"First",30,100
"273",22,"100_30",38,"gazzer",1,NA,"label","groz",0,"manu",4,0,"First",30,100
"274",22,"100_30",39,"kiv",2,1,"label","kvi",1,"kiv",2,1,"First",30,100
"275",22,"100_30",40,"wug",4,1,"label","wug",1,"wug",0,1,"First",30,100
"276",22,"100_30",41,"manu",1,1,"label","manu",1,"manu",0,1,"First",30,100
"277",22,"100_30",42,"fep",1,1,"label","fap",1,"fep",1,1,"First",30,100
"278",22,"100_30",43,"toma",2,1,"label","toma",1,"toma",0,1,"Second",30,100
"279",22,"100_30",44,"fep",1,1,"label","fap",1,"fep",1,1,"Second",30,100
"280",22,"100_30",45,"gazzer",1,NA,"click",NA,1,NA,NA,NA,"Second",30,100
"281",22,"100_30",46,"blicket",2,1,"label","blicket",1,"blicket",0,1,"First",30,100
"282",22,"100_30",47,"kreeb",4,1,"label","kreep",1,"kreeb",1,1,"First",30,100
"283",22,"100_30",48,"dax",4,1,"label","dax",1,"dax",0,1,"Second",30,100
"284",22,"100_30",49,"manu",1,1,"label","manu",1,"manu",0,1,"Second",30,100
"285",22,"100_30",50,"kreeb",4,1,"label","kreep",1,"kreeb",1,1,"Second",30,100
"286",22,"100_30",51,"blicket",2,1,"label","blicket",1,"blicket",0,1,"Second",30,100
"287",22,"100_30",52,"kiv",2,1,"label","kiv",1,"kiv",0,1,"Second",30,100
"288",22,"100_30",53,"wug",4,1,"label","wug",1,"wug",0,1,"Second",30,100
"289",23,"100_30",36,"gazzer",2,1,"label","gazzer",1,"gazzer",0,1,"First",30,100
"290",23,"100_30",37,"manu",4,1,"label","wabu",1,"manu",2,1,"First",30,100
"291",23,"100_30",38,"fep",4,1,"click",NA,1,NA,NA,NA,"First",30,100
"292",23,"100_30",39,"dax",1,1,"label","daz",1,"dax",1,1,"First",30,100
"293",23,"100_30",40,"kiv",4,1,"label","kiv",1,"kiv",0,1,"First",30,100
"294",23,"100_30",41,"kreeb",2,1,"label","kreeb",1,"kreeb",0,1,"First",30,100
"295",23,"100_30",42,"fep",4,1,"click",NA,1,NA,NA,NA,"Second",30,100
"296",23,"100_30",43,"wug",1,0,"click",NA,1,NA,NA,NA,"First",30,100
"297",23,"100_30",44,"blicket",2,1,"label","blicket",1,"blicket",0,1,"First",30,100
"298",23,"100_30",45,"dax",1,1,"label","daz",1,"dax",1,1,"Second",30,100
"299",23,"100_30",46,"toma",1,0,"click",NA,1,NA,NA,NA,"First",30,100
"300",23,"100_30",47,"manu",4,1,"label","wabu",1,"manu",2,1,"Second",30,100
"301",23,"100_30",48,"blicket",2,1,"label","blicket",1,"blicket",0,1,"Second",30,100
"302",23,"100_30",49,"gazzer",2,1,"label","gazzer",1,"gazzer",0,1,"Second",30,100
"303",23,"100_30",50,"kreeb",2,1,"label","kreeb",1,"kreeb",0,1,"Second",30,100
"304",23,"100_30",51,"toma",1,0,"click",NA,1,NA,NA,NA,"Second",30,100
"305",23,"100_30",52,"kiv",4,1,"label","kiv",1,"kiv",0,1,"Second",30,100
"306",23,"100_30",53,"wug",1,0,"click",NA,1,NA,NA,NA,"Second",30,100
"307",24,"100_30",36,"toma",4,1,"label","toma",1,"toma",0,1,"First",30,100
"308",24,"100_30",37,"manu",1,NA,"click",NA,1,NA,NA,NA,"First",30,100
"309",24,"100_30",38,"wug",4,1,"label","wug",1,"wug",0,1,"First",30,100
"310",24,"100_30",39,"gazzer",2,1,"label","glizzel",0,"gazzer",3,1,"First",30,100
"311",24,"100_30",40,"dax",1,NA,"click",NA,1,NA,NA,NA,"First",30,100
"312",24,"100_30",41,"gazzer",2,1,"click",NA,1,NA,NA,NA,"Second",30,100
"313",24,"100_30",42,"kreeb",1,NA,"click",NA,1,NA,NA,NA,"First",30,100
"314",24,"100_30",43,"dax",1,NA,"click",NA,1,NA,NA,NA,"Second",30,100
"315",24,"100_30",44,"kreeb",1,NA,"click",NA,1,NA,NA,NA,"Second",30,100
"316",24,"100_30",45,"blicket",2,1,"label","blicket",1,"blicket",0,1,"First",30,100
"317",24,"100_30",46,"fep",2,1,"label","fep",1,"fep",0,1,"First",30,100
"318",24,"100_30",47,"manu",1,NA,"click",NA,1,NA,NA,NA,"Second",30,100
"319",24,"100_30",48,"kiv",4,1,"label","kiv",1,"kiv",0,1,"First",30,100
"320",24,"100_30",49,"blicket",2,1,"label","blicket",1,"blicket",0,1,"Second",30,100
"321",24,"100_30",50,"wug",4,1,"label","wug",1,"wug",0,1,"Second",30,100
"322",24,"100_30",51,"toma",4,1,"label","toma",1,"toma",0,1,"Second",30,100
"323",24,"100_30",52,"fep",2,1,"label","fep",1,"fep",0,1,"Second",30,100
"324",24,"100_30",53,"kiv",4,1,"label","kiv",1,"kiv",0,1,"Second",30,100
"325",25,"100_30",36,"kiv",2,0,"click",NA,1,NA,NA,NA,"First",30,100
"326",25,"100_30",37,"toma",1,NA,"click",NA,1,NA,NA,NA,"First",30,100
"327",25,"100_30",38,"wug",1,NA,"click",NA,1,NA,NA,NA,"First",30,100
"328",25,"100_30",39,"blicket",4,1,"label","blick",1,"blicket",2,1,"First",30,100
"329",25,"100_30",40,"kreeb",2,NA,"click",NA,1,NA,NA,NA,"First",30,100
"330",25,"100_30",41,"manu",4,1,"click",NA,1,NA,NA,NA,"First",30,100
"331",25,"100_30",42,"fep",2,0,"click",NA,1,NA,NA,NA,"First",30,100
"332",25,"100_30",43,"kiv",2,0,"label","dix",0,"dax",1,0,"Second",30,100
"333",25,"100_30",44,"gazzer",1,NA,"click",NA,1,NA,NA,NA,"First",30,100
"334",25,"100_30",45,"manu",4,1,"click",NA,1,NA,NA,NA,"Second",30,100
"335",25,"100_30",46,"fep",2,0,"click",NA,1,NA,NA,NA,"Second",30,100
"336",25,"100_30",47,"dax",4,1,"label","dax",1,"dax",0,1,"First",30,100
"337",25,"100_30",48,"gazzer",1,NA,"click",NA,1,NA,NA,NA,"Second",30,100
"338",25,"100_30",49,"blicket",4,1,"label","blick",1,"blicket",2,1,"Second",30,100
"339",25,"100_30",50,"wug",1,NA,"click",NA,1,NA,NA,NA,"Second",30,100
"340",25,"100_30",51,"toma",1,NA,"click",NA,1,NA,NA,NA,"Second",30,100
"341",25,"100_30",52,"dax",4,1,"label","dax",1,"dax",0,1,"Second",30,100
"342",25,"100_30",53,"kreeb",2,NA,"click",NA,1,NA,NA,NA,"Second",30,100
"343",26,"100_30",36,"gazzer",4,1,"label","gazzer",1,"gazzer",0,1,"First",30,100
"344",26,"100_30",37,"blicket",2,1,"label","blinket",1,"blicket",1,1,"First",30,100
"345",26,"100_30",38,"fep",4,1,"label","fep",1,"fep",0,1,"First",30,100
"346",26,"100_30",39,"kiv",2,1,"label","kiv",1,"kiv",0,1,"First",30,100
"347",26,"100_30",40,"manu",1,0,"label","manu",1,"manu",0,1,"First",30,100
"348",26,"100_30",41,"dax",4,1,"label","dax",1,"dax",0,1,"First",30,100
"349",26,"100_30",42,"kiv",2,1,"label","kiv",1,"kiv",0,1,"Second",30,100
"350",26,"100_30",43,"toma",2,1,"label","toma",1,"toma",0,1,"First",30,100
"351",26,"100_30",44,"wug",1,1,"label","wug",1,"wug",0,1,"First",30,100
"352",26,"100_30",45,"gazzer",4,1,"label","gazzer",1,"gazzer",0,1,"Second",30,100
"353",26,"100_30",46,"toma",2,1,"label","toma",1,"toma",0,1,"Second",30,100
"354",26,"100_30",47,"blicket",2,1,"label","blinket",1,"blicket",1,1,"Second",30,100
"355",26,"100_30",48,"dax",4,1,"label","dax",1,"dax",0,1,"Second",30,100
"356",26,"100_30",49,"manu",1,0,"label","manu",1,"manu",0,1,"Second",30,100
"357",26,"100_30",50,"fep",4,1,"label","fep",1,"fep",0,1,"Second",30,100
"358",26,"100_30",51,"kreeb",1,1,"label","kreeb",1,"kreeb",0,1,"First",30,100
"359",26,"100_30",52,"wug",1,1,"label","wug",1,"wug",0,1,"Second",30,100
"360",26,"100_30",53,"kreeb",1,1,"label","kreeb",1,"kreeb",0,1,"Second",30,100
"361",28,"100_30",36,"kreeb",1,NA,"click",NA,1,NA,NA,NA,"First",30,100
"362",28,"100_30",37,"manu",1,NA,"click",NA,1,NA,NA,NA,"First",30,100
"363",28,"100_30",38,"wug",4,NA,"click",NA,1,NA,NA,NA,"First",30,100
"364",28,"100_30",39,"manu",1,NA,"click",NA,1,NA,NA,NA,"Second",30,100
"365",28,"100_30",40,"toma",2,NA,"click",NA,1,NA,NA,NA,"First",30,100
"366",28,"100_30",41,"kiv",2,0,"click",NA,1,NA,NA,NA,"First",30,100
"367",28,"100_30",42,"wug",4,NA,"click",NA,1,NA,NA,NA,"Second",30,100
"368",28,"100_30",43,"gazzer",2,NA,"click",NA,1,NA,NA,NA,"First",30,100
"369",28,"100_30",44,"fep",4,NA,"click",NA,1,NA,NA,NA,"First",30,100
"370",28,"100_30",45,"blicket",1,NA,"click",NA,1,NA,NA,NA,"First",30,100
"371",28,"100_30",46,"toma",2,NA,"click",NA,1,NA,NA,NA,"Second",30,100
"372",28,"100_30",47,"gazzer",2,NA,"click",NA,1,NA,NA,NA,"Second",30,100
"373",28,"100_30",48,"dax",4,NA,"click",NA,1,NA,NA,NA,"First",30,100
"374",28,"100_30",49,"fep",4,NA,"click",NA,1,NA,NA,NA,"Second",30,100
"375",28,"100_30",50,"blicket",1,NA,"click",NA,1,NA,NA,NA,"Second",30,100
"376",28,"100_30",51,"kreeb",1,NA,"click",NA,1,NA,NA,NA,"Second",30,100
"377",28,"100_30",52,"dax",4,NA,"click",NA,1,NA,NA,NA,"Second",30,100
"378",28,"100_30",53,"kiv",2,0,"click",NA,1,NA,NA,NA,"Second",30,100
"379",29,"100_30",36,"manu",1,NA,"click",NA,1,NA,NA,NA,"First",30,100
"380",29,"100_30",37,"fep",4,1,"label","fep",1,"fep",0,1,"First",30,100
"381",29,"100_30",38,"gazzer",1,NA,"click",NA,1,NA,NA,NA,"First",30,100
"382",29,"100_30",39,"dax",2,1,"click",NA,1,NA,NA,NA,"First",30,100
"383",29,"100_30",40,"kiv",4,0,"label","fip",0,"fep",1,0,"First",30,100
"384",29,"100_30",41,"wug",2,0,"click",NA,1,NA,NA,NA,"First",30,100
"385",29,"100_30",42,"toma",2,0,"click",NA,1,NA,NA,NA,"First",30,100
"386",29,"100_30",43,"blicket",4,1,"label","blicket",1,"blicket",0,1,"First",30,100
"387",29,"100_30",44,"toma",2,0,"click",NA,1,NA,NA,NA,"Second",30,100
"388",29,"100_30",45,"gazzer",1,NA,"click",NA,1,NA,NA,NA,"Second",30,100
"389",29,"100_30",46,"kiv",4,0,"click",NA,1,NA,NA,NA,"Second",30,100
"390",29,"100_30",47,"wug",2,0,"click",NA,1,NA,NA,NA,"Second",30,100
"391",29,"100_30",48,"kreeb",1,NA,"click",NA,1,NA,NA,NA,"First",30,100
"392",29,"100_30",49,"dax",2,1,"click",NA,1,NA,NA,NA,"Second",30,100
"393",29,"100_30",50,"manu",1,NA,"click",NA,1,NA,NA,NA,"Second",30,100
"394",29,"100_30",51,"blicket",4,1,"label","blicket",1,"blicket",0,1,"Second",30,100
"395",29,"100_30",52,"kreeb",1,NA,"click",NA,1,NA,NA,NA,"Second",30,100
"396",29,"100_30",53,"fep",4,1,"label","fip",1,"fep",1,1,"Second",30,100
"397",31,"80_50",36,"wug",2,NA,"click",NA,1,NA,NA,NA,"First",50,80
"398",31,"80_50",37,"blicket",1,NA,"click",NA,1,NA,NA,NA,"First",50,80
"399",31,"80_50",38,"gazzer",1,NA,"click",NA,1,NA,NA,NA,"First",50,80
"400",31,"80_50",39,"toma",1,0,"click",NA,1,NA,NA,NA,"First",50,80
"401",31,"80_50",40,"dax",2,1,"click",NA,1,NA,NA,NA,"First",50,80
"402",31,"80_50",41,"kiv",2,NA,"click",NA,1,NA,NA,NA,"First",50,80
"403",31,"80_50",42,"manu",4,NA,"click",NA,1,NA,NA,NA,"First",50,80
"404",31,"80_50",43,"blicket",1,NA,"click",NA,1,NA,NA,NA,"Second",50,80
"405",31,"80_50",44,"kiv",2,NA,"click",NA,1,NA,NA,NA,"Second",50,80
"406",31,"80_50",45,"manu",4,NA,"click",NA,1,NA,NA,NA,"Second",50,80
"407",31,"80_50",46,"kreeb",4,NA,"click",NA,1,NA,NA,NA,"First",50,80
"408",31,"80_50",47,"fep",4,NA,"click",NA,1,NA,NA,NA,"First",50,80
"409",31,"80_50",48,"wug",2,NA,"click",NA,1,NA,NA,NA,"Second",50,80
"410",31,"80_50",49,"kreeb",4,NA,"click",NA,1,NA,NA,NA,"Second",50,80
"411",31,"80_50",50,"toma",1,0,"click",NA,1,NA,NA,NA,"Second",50,80
"412",31,"80_50",51,"fep",4,NA,"click",NA,1,NA,NA,NA,"Second",50,80
"413",31,"80_50",52,"gazzer",1,NA,"click",NA,1,NA,NA,NA,"Second",50,80
"414",31,"80_50",53,"dax",2,1,"click",NA,1,NA,NA,NA,"Second",50,80
"415",32,"80_50",36,"dax",2,1,"label","dix",1,"dax",1,1,"First",50,80
"416",32,"80_50",37,"gazzer",2,1,"label","glazzer",1,"gazzer",1,1,"First",50,80
"417",32,"80_50",38,"kiv",1,0,"label","dix",0,"dax",1,0,"First",50,80
"418",32,"80_50",39,"kreeb",4,1,"label","kleeb",1,"kreeb",1,1,"First",50,80
"419",32,"80_50",40,"toma",4,1,"label","toma",1,"toma",0,1,"First",50,80
"420",32,"80_50",41,"kreeb",4,1,"label","kleeb",1,"kreeb",1,1,"Second",50,80
"421",32,"80_50",42,"fep",1,0,"label","weg",0,"wug",1,0,"First",50,80
"422",32,"80_50",43,"manu",2,1,"label","manu",1,"manu",0,1,"First",50,80
"423",32,"80_50",44,"gazzer",2,1,"label","glazzer",1,"gazzer",1,1,"Second",50,80
"424",32,"80_50",45,"kiv",1,0,"label","dix",0,"dax",1,0,"Second",50,80
"425",32,"80_50",46,"manu",2,1,"label","manuu",1,"manu",1,1,"Second",50,80
"426",32,"80_50",47,"blicket",1,1,"label","blicket",1,"blicket",0,1,"First",50,80
"427",32,"80_50",48,"toma",4,1,"label","toma",1,"toma",0,1,"Second",50,80
"428",32,"80_50",49,"wug",4,1,"label","weg",1,"wug",1,1,"First",50,80
"429",32,"80_50",50,"blicket",1,1,"label","blicket",1,"blicket",0,1,"Second",50,80
"430",32,"80_50",51,"dax",2,1,"label","dix",1,"dax",1,1,"Second",50,80
"431",32,"80_50",52,"fep",1,0,"label","peb",1,"fep",2,1,"Second",50,80
"432",32,"80_50",53,"wug",4,1,"label","weg",1,"wug",1,1,"Second",50,80
"433",33,"80_50",36,"dax",4,1,"label","dax",1,"dax",0,1,"First",50,80
"434",33,"80_50",37,"manu",1,NA,"click",NA,1,NA,NA,NA,"First",50,80
"435",33,"80_50",38,"dax",4,1,"label","dax",1,"dax",0,1,"Second",50,80
"436",33,"80_50",39,"fep",2,1,"click",NA,1,NA,NA,NA,"First",50,80
"437",33,"80_50",40,"wug",2,1,"label","wug",1,"wug",0,1,"First",50,80
"438",33,"80_50",41,"blicket",2,1,"label","blicket",1,"blicket",0,1,"First",50,80
"439",33,"80_50",42,"kreeb",4,NA,"click",NA,1,NA,NA,NA,"First",50,80
"440",33,"80_50",43,"wug",2,1,"label","wug",1,"wug",0,1,"Second",50,80
"441",33,"80_50",44,"kiv",1,NA,"click",NA,1,NA,NA,NA,"First",50,80
"442",33,"80_50",45,"gazzer",1,NA,"click",NA,1,NA,NA,NA,"First",50,80
"443",33,"80_50",46,"toma",4,1,"click",NA,1,NA,NA,NA,"First",50,80
"444",33,"80_50",47,"kreeb",4,NA,"click",NA,1,NA,NA,NA,"Second",50,80
"445",33,"80_50",48,"blicket",2,1,"label","blicket",1,"blicket",0,1,"Second",50,80
"446",33,"80_50",49,"fep",2,1,"click",NA,1,NA,NA,NA,"Second",50,80
"447",33,"80_50",50,"toma",4,1,"click",NA,1,NA,NA,NA,"Second",50,80
"448",33,"80_50",51,"kiv",1,NA,"click",NA,1,NA,NA,NA,"Second",50,80
"449",33,"80_50",52,"manu",1,NA,"click",NA,1,NA,NA,NA,"Second",50,80
"450",33,"80_50",53,"gazzer",1,NA,"click",NA,1,NA,NA,NA,"Second",50,80
"451",34,"80_50",36,"wug",2,1,"click",NA,1,NA,NA,NA,"First",50,80
"452",34,"80_50",37,"gazzer",4,NA,"click",NA,1,NA,NA,NA,"First",50,80
"453",34,"80_50",38,"blicket",1,NA,"click",NA,1,NA,NA,NA,"First",50,80
"454",34,"80_50",39,"toma",2,NA,"click",NA,1,NA,NA,NA,"First",50,80
"455",34,"80_50",40,"dax",4,1,"click",NA,1,NA,NA,NA,"First",50,80
"456",34,"80_50",41,"blicket",1,NA,"click",NA,1,NA,NA,NA,"Second",50,80
"457",34,"80_50",42,"fep",2,1,"click",NA,1,NA,NA,NA,"First",50,80
"458",34,"80_50",43,"manu",4,1,"click",NA,1,NA,NA,NA,"First",50,80
"459",34,"80_50",44,"wug",2,1,"click",NA,1,NA,NA,NA,"Second",50,80
"460",34,"80_50",45,"kiv",1,NA,"click",NA,1,NA,NA,NA,"First",50,80
"461",34,"80_50",46,"gazzer",4,NA,"click",NA,1,NA,NA,NA,"Second",50,80
"462",34,"80_50",47,"kreeb",1,NA,"click",NA,1,NA,NA,NA,"First",50,80
"463",34,"80_50",48,"fep",2,1,"click",NA,1,NA,NA,NA,"Second",50,80
"464",34,"80_50",49,"manu",4,1,"click",NA,1,NA,NA,NA,"Second",50,80
"465",34,"80_50",50,"kreeb",1,NA,"click",NA,1,NA,NA,NA,"Second",50,80
"466",34,"80_50",51,"kiv",1,NA,"click",NA,1,NA,NA,NA,"Second",50,80
"467",34,"80_50",52,"toma",2,NA,"click",NA,1,NA,NA,NA,"Second",50,80
"468",34,"80_50",53,"dax",4,1,"click",NA,1,NA,NA,NA,"Second",50,80
"469",35,"80_50",36,"blicket",2,1,"label","blicket",1,"blicket",0,1,"First",50,80
"470",35,"80_50",37,"dax",4,1,"label","dax",1,"dax",0,1,"First",50,80
"471",35,"80_50",38,"gazzer",1,0,"click",NA,1,NA,NA,NA,"First",50,80
"472",35,"80_50",39,"fep",4,0,"label","fep",1,"fep",0,1,"First",50,80
"473",35,"80_50",40,"toma",1,1,"label","toma",1,"toma",0,1,"First",50,80
"474",35,"80_50",41,"kiv",4,0,"label","dax",0,"dax",0,0,"First",50,80
"475",35,"80_50",42,"manu",1,1,"label","manu",1,"manu",0,1,"First",50,80
"476",35,"80_50",43,"kreeb",2,1,"label","gleep",0,"kreeb",3,1,"First",50,80
"477",35,"80_50",44,"wug",2,0,"label","wep",0,"fep",1,0,"First",50,80
"478",35,"80_50",45,"toma",1,1,"label","toma",1,"toma",0,1,"Second",50,80
"479",35,"80_50",46,"kiv",4,0,"click",NA,1,NA,NA,NA,"Second",50,80
"480",35,"80_50",47,"wug",2,0,"label","wug",1,"wug",0,1,"Second",50,80
"481",35,"80_50",48,"blicket",2,1,"label","blicket",1,"blicket",0,1,"Second",50,80
"482",35,"80_50",49,"manu",1,1,"label","manu",1,"manu",0,1,"Second",50,80
"483",35,"80_50",50,"dax",4,1,"label","dax",1,"dax",0,1,"Second",50,80
"484",35,"80_50",51,"fep",4,0,"click",NA,1,NA,NA,NA,"Second",50,80
"485",35,"80_50",52,"kreeb",2,1,"label","gleep",0,"fep",3,0,"Second",50,80
"486",35,"80_50",53,"gazzer",1,0,"click",NA,1,NA,NA,NA,"Second",50,80
"487",36,"80_50",36,"wug",2,NA,"click",NA,1,NA,NA,NA,"First",50,80
"488",36,"80_50",37,"kiv",4,NA,"click",NA,1,NA,NA,NA,"First",50,80
"489",36,"80_50",38,"blicket",1,NA,"click",NA,1,NA,NA,NA,"First",50,80
"490",36,"80_50",39,"fep",4,1,"click",NA,1,NA,NA,NA,"First",50,80
"491",36,"80_50",40,"manu",2,0,"click",NA,1,NA,NA,NA,"First",50,80
"492",36,"80_50",41,"blicket",1,NA,"click",NA,1,NA,NA,NA,"Second",50,80
"493",36,"80_50",42,"gazzer",1,NA,"click",NA,1,NA,NA,NA,"First",50,80
"494",36,"80_50",43,"toma",1,NA,"click",NA,1,NA,NA,NA,"First",50,80
"495",36,"80_50",44,"manu",2,0,"click",NA,1,NA,NA,NA,"Second",50,80
"496",36,"80_50",45,"fep",4,1,"click",NA,1,NA,NA,NA,"Second",50,80
"497",36,"80_50",46,"wug",2,NA,"click",NA,1,NA,NA,NA,"Second",50,80
"498",36,"80_50",47,"dax",4,NA,"click",NA,1,NA,NA,NA,"First",50,80
"499",36,"80_50",48,"toma",1,NA,"click",NA,1,NA,NA,NA,"Second",50,80
"500",36,"80_50",49,"kreeb",2,NA,"click",NA,1,NA,NA,NA,"First",50,80
"501",36,"80_50",50,"gazzer",1,NA,"click",NA,1,NA,NA,NA,"Second",50,80
"502",36,"80_50",51,"kreeb",2,NA,"click",NA,1,NA,NA,NA,"Second",50,80
"503",36,"80_50",52,"dax",4,NA,"click",NA,1,NA,NA,NA,"Second",50,80
"504",36,"80_50",53,"kiv",4,NA,"click",NA,1,NA,NA,NA,"Second",50,80
"505",37,"80_50",36,"manu",1,1,"label","manu",1,"manu",0,1,"First",50,80
"506",37,"80_50",37,"kreeb",2,1,"label","kreeb",1,"kreeb",0,1,"First",50,80
"507",37,"80_50",38,"toma",4,1,"label","toma",1,"toma",0,1,"First",50,80
"508",37,"80_50",39,"dax",1,1,"label","dax",1,"dax",0,1,"First",50,80
"509",37,"80_50",40,"blicket",4,1,"label","blicket",1,"blicket",0,1,"First",50,80
"510",37,"80_50",41,"toma",4,1,"label","toma",1,"toma",0,1,"Second",50,80
"511",37,"80_50",42,"fep",2,1,"label","fep",1,"fep",0,1,"First",50,80
"512",37,"80_50",43,"manu",1,1,"label","manu",1,"manu",0,1,"Second",50,80
"513",37,"80_50",44,"kiv",1,1,"label","kiv",1,"kiv",0,1,"First",50,80
"514",37,"80_50",45,"dax",1,1,"label","dax",1,"dax",0,1,"Second",50,80
"515",37,"80_50",46,"kiv",1,1,"label","kiv",1,"kiv",0,1,"Second",50,80
"516",37,"80_50",47,"gazzer",2,1,"label","gazzer",1,"gazzer",0,1,"First",50,80
"517",37,"80_50",48,"wug",4,1,"label","wug",1,"wug",0,1,"First",50,80
"518",37,"80_50",49,"kreeb",2,1,"label","kreeb",1,"kreeb",0,1,"Second",50,80
"519",37,"80_50",50,"fep",2,1,"label","fep",1,"fep",0,1,"Second",50,80
"520",37,"80_50",51,"wug",4,1,"label","wug",1,"wug",0,1,"Second",50,80
"521",37,"80_50",52,"gazzer",2,1,"label","gazzer",1,"gazzer",0,1,"Second",50,80
"522",37,"80_50",53,"blicket",4,1,"label","blicket",1,"blicket",0,1,"Second",50,80
"523",38,"80_50",36,"kreeb",2,1,"label","treeb",1,"kreeb",1,1,"First",50,80
"524",38,"80_50",37,"kiv",4,1,"label","kiv",1,"kiv",0,1,"First",50,80
"525",38,"80_50",38,"dax",1,1,"label","bax",1,"dax",1,1,"First",50,80
"526",38,"80_50",39,"gazzer",4,1,"label","gazzel",1,"gazzer",1,1,"First",50,80
"527",38,"80_50",40,"wug",1,1,"click",NA,1,NA,NA,NA,"First",50,80
"528",38,"80_50",41,"kreeb",2,1,"label","treeb",1,"kreeb",1,1,"Second",50,80
"529",38,"80_50",42,"fep",1,NA,"click",NA,1,NA,NA,NA,"First",50,80
"530",38,"80_50",43,"manu",2,1,"label","manu",1,"manu",0,1,"First",50,80
"531",38,"80_50",44,"toma",2,NA,"click",NA,1,NA,NA,NA,"First",50,80
"532",38,"80_50",45,"blicket",4,1,"label","bikkit",0,"blicket",3,1,"First",50,80
"533",38,"80_50",46,"wug",1,1,"click",NA,1,NA,NA,NA,"Second",50,80
"534",38,"80_50",47,"gazzer",4,1,"label","gazzel",1,"gazzer",1,1,"Second",50,80
"535",38,"80_50",48,"manu",2,1,"label","manu",1,"manu",0,1,"Second",50,80
"536",38,"80_50",49,"toma",2,NA,"click",NA,1,NA,NA,NA,"Second",50,80
"537",38,"80_50",50,"blicket",4,1,"click",NA,1,NA,NA,NA,"Second",50,80
"538",38,"80_50",51,"kiv",4,1,"label","kiv",1,"kiv",0,1,"Second",50,80
"539",38,"80_50",52,"fep",1,NA,"click",NA,1,NA,NA,NA,"Second",50,80
"540",38,"80_50",53,"dax",1,1,"label","bax",1,"dax",1,1,"Second",50,80
"541",39,"80_50",36,"kreeb",4,NA,"click",NA,1,NA,NA,NA,"First",50,80
"542",39,"80_50",37,"toma",2,NA,"click",NA,1,NA,NA,NA,"First",50,80
"543",39,"80_50",38,"dax",4,1,"click",NA,1,NA,NA,NA,"First",50,80
"544",39,"80_50",39,"kiv",2,NA,"click",NA,1,NA,NA,NA,"First",50,80
"545",39,"80_50",40,"kreeb",4,NA,"click",NA,1,NA,NA,NA,"Second",50,80
"546",39,"80_50",41,"fep",1,NA,"click",NA,1,NA,NA,NA,"First",50,80
"547",39,"80_50",42,"blicket",2,NA,"click",NA,1,NA,NA,NA,"First",50,80
"548",39,"80_50",43,"gazzer",4,NA,"click",NA,1,NA,NA,NA,"First",50,80
"549",39,"80_50",44,"kiv",2,NA,"click",NA,1,NA,NA,NA,"Second",50,80
"550",39,"80_50",45,"fep",1,NA,"click",NA,1,NA,NA,NA,"Second",50,80
"551",39,"80_50",46,"wug",1,1,"click",NA,1,NA,NA,NA,"First",50,80
"552",39,"80_50",47,"toma",2,NA,"click",NA,1,NA,NA,NA,"Second",50,80
"553",39,"80_50",48,"gazzer",4,NA,"click",NA,1,NA,NA,NA,"Second",50,80
"554",39,"80_50",49,"manu",1,NA,"click",NA,1,NA,NA,NA,"First",50,80
"555",39,"80_50",50,"blicket",2,NA,"click",NA,1,NA,NA,NA,"Second",50,80
"556",39,"80_50",51,"manu",1,NA,"click",NA,1,NA,NA,NA,"Second",50,80
"557",39,"80_50",52,"wug",1,1,"click",NA,1,NA,NA,NA,"Second",50,80
"558",39,"80_50",53,"dax",4,1,"click",NA,1,NA,NA,NA,"Second",50,80
"559",40,"80_50",36,"kiv",1,NA,"click",NA,1,NA,NA,NA,"First",50,80
"560",40,"80_50",37,"gazzer",2,NA,"click",NA,1,NA,NA,NA,"First",50,80
"561",40,"80_50",38,"kreeb",2,NA,"click",NA,1,NA,NA,NA,"First",50,80
"562",40,"80_50",39,"dax",4,1,"label","dax",1,"dax",0,1,"First",50,80
"563",40,"80_50",40,"wug",2,1,"click",NA,1,NA,NA,NA,"First",50,80
"564",40,"80_50",41,"fep",4,1,"label","feb",1,"fep",1,1,"First",50,80
"565",40,"80_50",42,"manu",1,NA,"click",NA,1,NA,NA,NA,"First",50,80
"566",40,"80_50",43,"dax",4,1,"label","dax",1,"dax",0,1,"Second",50,80
"567",40,"80_50",44,"kreeb",2,NA,"click",NA,1,NA,NA,NA,"Second",50,80
"568",40,"80_50",45,"toma",1,1,"click",NA,1,NA,NA,NA,"First",50,80
"569",40,"80_50",46,"fep",4,1,"label","feb",1,"fep",1,1,"Second",50,80
"570",40,"80_50",47,"blicket",4,1,"label","blicket",1,"blicket",0,1,"First",50,80
"571",40,"80_50",48,"gazzer",2,NA,"click",NA,1,NA,NA,NA,"Second",50,80
"572",40,"80_50",49,"blicket",4,1,"label","blicket",1,"blicket",0,1,"Second",50,80
"573",40,"80_50",50,"manu",1,NA,"click",NA,1,NA,NA,NA,"Second",50,80
"574",40,"80_50",51,"wug",2,1,"click",NA,1,NA,NA,NA,"Second",50,80
"575",40,"80_50",52,"kiv",1,NA,"click",NA,1,NA,NA,NA,"Second",50,80
"576",40,"80_50",53,"toma",1,1,"click",NA,1,NA,NA,NA,"Second",50,80
"577",41,"80_50",36,"kreeb",1,NA,"click",NA,1,NA,NA,NA,"First",50,80
"578",41,"80_50",37,"blicket",4,1,"label","blicket",1,"blicket",0,1,"First",50,80
"579",41,"80_50",38,"toma",2,1,"click",NA,1,NA,NA,NA,"First",50,80
"580",41,"80_50",39,"manu",4,1,"label","manu",1,"manu",0,1,"First",50,80
"581",41,"80_50",40,"toma",2,1,"click",NA,1,NA,NA,NA,"Second",50,80
"582",41,"80_50",41,"kiv",1,NA,"click",NA,1,NA,NA,NA,"First",50,80
"583",41,"80_50",42,"gazzer",4,1,"label","gizzer",1,"gazzer",1,1,"First",50,80
"584",41,"80_50",43,"manu",4,1,"label","manu",1,"manu",0,1,"Second",50,80
"585",41,"80_50",44,"gazzer",4,1,"label","giuzzer",1,"gazzer",2,1,"Second",50,80
"586",41,"80_50",45,"blicket",4,1,"click",NA,1,NA,NA,NA,"Second",50,80
"587",41,"80_50",46,"kreeb",1,NA,"click",NA,1,NA,NA,NA,"Second",50,80
"588",41,"80_50",47,"wug",2,0,"click",NA,1,NA,NA,NA,"First",50,80
"589",41,"80_50",48,"fep",2,0,"click",NA,0,NA,NA,NA,"First",50,80
"590",41,"80_50",49,"wug",2,0,"click",NA,1,NA,NA,NA,"Second",50,80
"591",41,"80_50",50,"dax",1,0,"click",NA,1,NA,NA,NA,"First",50,80
"592",41,"80_50",51,"kiv",1,NA,"click",NA,0,NA,NA,NA,"Second",50,80
"593",41,"80_50",52,"fep",2,0,"click",NA,1,NA,NA,NA,"Second",50,80
"594",41,"80_50",53,"dax",1,0,"click",NA,1,NA,NA,NA,"Second",50,80
"595",42,"80_50",36,"kiv",1,NA,"click",NA,1,NA,NA,NA,"First",50,80
"596",42,"80_50",37,"fep",2,1,"label","fep",1,"fep",0,1,"First",50,80
"597",42,"80_50",38,"toma",4,1,"label","toma",1,"toma",0,1,"First",50,80
"598",42,"80_50",39,"gazzer",2,1,"label","gazzer",1,"gazzer",0,1,"First",50,80
"599",42,"80_50",40,"kreeb",2,1,"label","kreeb",1,"kreeb",0,1,"First",50,80
"600",42,"80_50",41,"gazzer",2,1,"label","gazzer",1,"gazzer",0,1,"Second",50,80
"601",42,"80_50",42,"wug",1,0,"click",NA,1,NA,NA,NA,"First",50,80
"602",42,"80_50",43,"dax",4,1,"label","dax",1,"dax",0,1,"First",50,80
"603",42,"80_50",44,"wug",1,0,"click",NA,1,NA,NA,NA,"Second",50,80
"604",42,"80_50",45,"kiv",1,NA,"click",NA,1,NA,NA,NA,"Second",50,80
"605",42,"80_50",46,"blicket",4,1,"label","blicket",1,"blicket",0,1,"First",50,80
"606",42,"80_50",47,"manu",1,NA,"click",NA,1,NA,NA,NA,"First",50,80
"607",42,"80_50",48,"toma",4,1,"label","toma",1,"toma",0,1,"Second",50,80
"608",42,"80_50",49,"blicket",4,1,"label","blicket",1,"blicket",0,1,"Second",50,80
"609",42,"80_50",50,"dax",4,1,"label","dax",1,"dax",0,1,"Second",50,80
"610",42,"80_50",51,"fep",2,1,"label","fep",1,"fep",0,1,"Second",50,80
"611",42,"80_50",52,"manu",1,NA,"click",NA,1,NA,NA,NA,"Second",50,80
"612",42,"80_50",53,"kreeb",2,1,"label","kreeb",1,"kreeb",0,1,"Second",50,80
"613",43,"80_50",36,"blicket",1,NA,"click",NA,1,NA,NA,NA,"First",50,80
"614",43,"80_50",37,"wug",1,NA,"click",NA,1,NA,NA,NA,"First",50,80
"615",43,"80_50",38,"kiv",2,0,"click",NA,1,NA,NA,NA,"First",50,80
"616",43,"80_50",39,"toma",4,1,"label","toma",1,"toma",0,1,"First",50,80
"617",43,"80_50",40,"kiv",2,0,"click",NA,1,NA,NA,NA,"Second",50,80
"618",43,"80_50",41,"blicket",1,NA,"click",NA,1,NA,NA,NA,"Second",50,80
"619",43,"80_50",42,"manu",1,NA,"click",NA,1,NA,NA,NA,"First",50,80
"620",43,"80_50",43,"fep",4,1,"label","fep",1,"fep",0,1,"First",50,80
"621",43,"80_50",44,"manu",1,NA,"click",NA,1,NA,NA,NA,"Second",50,80
"622",43,"80_50",45,"gazzer",4,1,"label","gazzer",1,"gazzer",0,1,"First",50,80
"623",43,"80_50",46,"toma",4,1,"label","toma",1,"toma",0,1,"Second",50,80
"624",43,"80_50",47,"gazzer",4,1,"label","gazzer",1,"gazzer",0,1,"Second",50,80
"625",43,"80_50",48,"kreeb",2,NA,"click",NA,1,NA,NA,NA,"First",50,80
"626",43,"80_50",49,"dax",2,NA,"click",NA,1,NA,NA,NA,"First",50,80
"627",43,"80_50",50,"fep",4,1,"label","fep",1,"fep",0,1,"Second",50,80
"628",43,"80_50",51,"wug",1,NA,"click",NA,1,NA,NA,NA,"Second",50,80
"629",43,"80_50",52,"kreeb",2,NA,"click",NA,1,NA,NA,NA,"Second",50,80
"630",43,"80_50",53,"dax",2,NA,"click",NA,1,NA,NA,NA,"Second",50,80
"631",44,"80_50",36,"dax",2,1,"click",NA,1,NA,NA,NA,"First",50,80
"632",44,"80_50",37,"kreeb",1,0,"click",NA,1,NA,NA,NA,"First",50,80
"633",44,"80_50",38,"wug",2,NA,"click",NA,1,NA,NA,NA,"First",50,80
"634",44,"80_50",39,"toma",4,0,"click",NA,1,NA,NA,NA,"First",50,80
"635",44,"80_50",40,"wug",2,NA,"click",NA,1,NA,NA,NA,"Second",50,80
"636",44,"80_50",41,"gazzer",4,NA,"label","gazzer",1,"gazzer",0,1,"First",50,80
"637",44,"80_50",42,"blicket",2,NA,"click",NA,1,NA,NA,NA,"First",50,80
"638",44,"80_50",43,"toma",4,0,"click",NA,1,NA,NA,NA,"Second",50,80
"639",44,"80_50",44,"dax",2,1,"label","dax",1,"dax",0,1,"Second",50,80
"640",44,"80_50",45,"manu",1,1,"click",NA,1,NA,NA,NA,"First",50,80
"641",44,"80_50",46,"kiv",1,NA,"click",NA,1,NA,NA,NA,"First",50,80
"642",44,"80_50",47,"fep",4,1,"label","fex",1,"fep",1,1,"First",50,80
"643",44,"80_50",48,"kreeb",1,0,"click",NA,1,NA,NA,NA,"Second",50,80
"644",44,"80_50",49,"kiv",1,NA,"click",NA,1,NA,NA,NA,"Second",50,80
"645",44,"80_50",50,"manu",1,1,"click",NA,1,NA,NA,NA,"Second",50,80
"646",44,"80_50",51,"fep",4,1,"label","fex",1,"fep",1,1,"Second",50,80
"647",44,"80_50",52,"gazzer",4,NA,"click",NA,1,NA,NA,NA,"Second",50,80
"648",44,"80_50",53,"blicket",2,NA,"click",NA,1,NA,NA,NA,"Second",50,80
"649",45,"80_50",36,"blicket",2,1,"label","blicket",1,"blicket",0,1,"First",50,80
"650",45,"80_50",37,"toma",1,1,"label","toma",1,"toma",0,1,"First",50,80
"651",45,"80_50",38,"kiv",4,1,"label","kiv",1,"kiv",0,1,"First",50,80
"652",45,"80_50",39,"fep",1,1,"label","fep",1,"fep",0,1,"First",50,80
"653",45,"80_50",40,"gazzer",1,1,"label","gazzer",1,"gazzer",0,1,"First",50,80
"654",45,"80_50",41,"toma",1,1,"label","toma",1,"toma",0,1,"Second",50,80
"655",45,"80_50",42,"kreeb",2,1,"label","kreed",1,"kreeb",1,1,"First",50,80
"656",45,"80_50",43,"fep",1,1,"label","fep",1,"fep",0,1,"Second",50,80
"657",45,"80_50",44,"wug",4,1,"label","wug",1,"wug",0,1,"First",50,80
"658",45,"80_50",45,"dax",4,1,"label","dax",1,"dax",0,1,"First",50,80
"659",45,"80_50",46,"manu",2,1,"label","manu",1,"manu",0,1,"First",50,80
"660",45,"80_50",47,"kreeb",2,1,"label","kreed",1,"kreeb",1,1,"Second",50,80
"661",45,"80_50",48,"blicket",2,1,"label","blicket",1,"blicket",0,1,"Second",50,80
"662",45,"80_50",49,"kiv",4,1,"label","kiv",1,"kiv",0,1,"Second",50,80
"663",45,"80_50",50,"dax",4,1,"label","dax",1,"dax",0,1,"Second",50,80
"664",45,"80_50",51,"manu",2,1,"label","manu",1,"manu",0,1,"Second",50,80
"665",45,"80_50",52,"wug",4,1,"label","wug",1,"wug",0,1,"Second",50,80
"666",45,"80_50",53,"gazzer",1,1,"label","gazzer",1,"gazzer",0,1,"Second",50,80
"667",46,"80_50",36,"blicket",2,0,"click",NA,1,NA,NA,NA,"First",50,80
"668",46,"80_50",37,"gazzer",4,NA,"click",NA,1,NA,NA,NA,"First",50,80
"669",46,"80_50",38,"kiv",1,NA,"click",NA,1,NA,NA,NA,"First",50,80
"670",46,"80_50",39,"wug",4,NA,"click",NA,1,NA,NA,NA,"First",50,80
"671",46,"80_50",40,"dax",2,1,"click",NA,1,NA,NA,NA,"First",50,80
"672",46,"80_50",41,"manu",1,NA,"click",NA,1,NA,NA,NA,"First",50,80
"673",46,"80_50",42,"fep",2,1,"click",NA,1,NA,NA,NA,"First",50,80
"674",46,"80_50",43,"kreeb",4,1,"click",NA,1,NA,NA,NA,"First",50,80
"675",46,"80_50",44,"manu",1,NA,"click",NA,1,NA,NA,NA,"Second",50,80
"676",46,"80_50",45,"toma",1,NA,"click",NA,1,NA,NA,NA,"First",50,80
"677",46,"80_50",46,"fep",2,1,"click",NA,1,NA,NA,NA,"Second",50,80
"678",46,"80_50",47,"kreeb",4,1,"click",NA,1,NA,NA,NA,"Second",50,80
"679",46,"80_50",48,"dax",2,1,"click",NA,1,NA,NA,NA,"Second",50,80
"680",46,"80_50",49,"toma",1,NA,"click",NA,1,NA,NA,NA,"Second",50,80
"681",46,"80_50",50,"gazzer",4,NA,"click",NA,1,NA,NA,NA,"Second",50,80
"682",46,"80_50",51,"blicket",2,0,"click",NA,1,NA,NA,NA,"Second",50,80
"683",46,"80_50",52,"wug",4,NA,"click",NA,1,NA,NA,NA,"Second",50,80
"684",46,"80_50",53,"kiv",1,NA,"click",NA,1,NA,NA,NA,"Second",50,80
"685",47,"80_50",36,"gazzer",1,1,"label","gazzer",1,"gazzer",0,1,"First",50,80
"686",47,"80_50",37,"manu",4,1,"label","manu",1,"manu",0,1,"First",50,80
"687",47,"80_50",38,"blicket",1,1,"label","blicket",1,"blicket",0,1,"First",50,80
"688",47,"80_50",39,"fep",2,1,"label","fep",1,"fep",0,1,"First",50,80
"689",47,"80_50",40,"blicket",1,1,"label","blicket",1,"blicket",0,1,"Second",50,80
"690",47,"80_50",41,"kiv",1,0,"click",NA,1,NA,NA,NA,"First",50,80
"691",47,"80_50",42,"kreeb",2,1,"click",NA,1,NA,NA,NA,"First",50,80
"692",47,"80_50",43,"dax",4,1,"label","dax",1,"dax",0,1,"First",50,80
"693",47,"80_50",44,"wug",4,1,"label","wug",1,"wug",0,1,"First",50,80
"694",47,"80_50",45,"gazzer",1,1,"label","gazzer",1,"gazzer",0,1,"Second",50,80
"695",47,"80_50",46,"kreeb",2,1,"click",NA,1,NA,NA,NA,"Second",50,80
"696",47,"80_50",47,"manu",4,1,"label","manu",1,"manu",0,1,"Second",50,80
"697",47,"80_50",48,"dax",4,1,"label","dax",1,"dax",0,1,"Second",50,80
"698",47,"80_50",49,"toma",2,1,"label","toma",1,"toma",0,1,"First",50,80
"699",47,"80_50",50,"kiv",1,0,"click",NA,1,NA,NA,NA,"Second",50,80
"700",47,"80_50",51,"fep",2,1,"label","fep",1,"fep",0,1,"Second",50,80
"701",47,"80_50",52,"toma",2,1,"label","toma",1,"toma",0,1,"Second",50,80
"702",47,"80_50",53,"wug",4,1,"label","wug",1,"wug",0,1,"Second",50,80
"703",49,"80_50",36,"kreeb",1,0,"click",NA,1,NA,NA,NA,"First",50,80
"704",49,"80_50",37,"manu",2,1,"label","manu",1,"manu",0,1,"First",50,80
"705",49,"80_50",38,"toma",4,1,"label","toma",1,"toma",0,1,"First",50,80
"706",49,"80_50",39,"wug",4,1,"label","wug",1,"wug",0,1,"First",50,80
"707",49,"80_50",40,"manu",2,1,"label","manu",1,"manu",0,1,"Second",50,80
"708",49,"80_50",41,"dax",1,0,"click",NA,1,NA,NA,NA,"First",50,80
"709",49,"80_50",42,"kiv",1,1,"label","kiz",1,"kiv",1,1,"First",50,80
"710",49,"80_50",43,"gazzer",2,0,"click",NA,1,NA,NA,NA,"First",50,80
"711",49,"80_50",44,"wug",4,1,"click",NA,1,NA,NA,NA,"Second",50,80
"712",49,"80_50",45,"blicket",2,0,"click",NA,1,NA,NA,NA,"First",50,80
"713",49,"80_50",46,"kiv",1,1,"click",NA,1,NA,NA,NA,"Second",50,80
"714",49,"80_50",47,"kreeb",1,0,"click",NA,1,NA,NA,NA,"Second",50,80
"715",49,"80_50",48,"toma",4,1,"label","toma",1,"toma",0,1,"Second",50,80
"716",49,"80_50",49,"fep",4,1,"label","fep",1,"fep",0,1,"First",50,80
"717",49,"80_50",50,"gazzer",2,0,"click",NA,1,NA,NA,NA,"Second",50,80
"718",49,"80_50",51,"fep",4,1,"label","fep",1,"fep",0,1,"Second",50,80
"719",49,"80_50",52,"dax",1,0,"click",NA,1,NA,NA,NA,"Second",50,80
"720",49,"80_50",53,"blicket",2,0,"click",NA,1,NA,NA,NA,"Second",50,80
"721",50,"80_50",36,"manu",2,1,"click",NA,1,NA,NA,NA,"First",50,80
"722",50,"80_50",37,"toma",2,0,"click",NA,1,NA,NA,NA,"First",50,80
"723",50,"80_50",38,"dax",4,1,"click",NA,1,NA,NA,NA,"First",50,80
"724",50,"80_50",39,"blicket",2,1,"click",NA,1,NA,NA,NA,"First",50,80
"725",50,"80_50",40,"gazzer",1,0,"click",NA,1,NA,NA,NA,"First",50,80
"726",50,"80_50",41,"kiv",1,NA,"click",NA,1,NA,NA,NA,"First",50,80
"727",50,"80_50",42,"gazzer",1,0,"click",NA,1,NA,NA,NA,"Second",50,80
"728",50,"80_50",43,"kreeb",4,0,"click",NA,1,NA,NA,NA,"First",50,80
"729",50,"80_50",44,"wug",1,0,"click",NA,1,NA,NA,NA,"First",50,80
"730",50,"80_50",45,"fep",4,1,"click",NA,1,NA,NA,NA,"First",50,80
"731",50,"80_50",46,"wug",1,0,"click",NA,1,NA,NA,NA,"Second",50,80
"732",50,"80_50",47,"kreeb",4,0,"click",NA,1,NA,NA,NA,"Second",50,80
"733",50,"80_50",48,"blicket",2,1,"click",NA,1,NA,NA,NA,"Second",50,80
"734",50,"80_50",49,"manu",2,1,"click",NA,1,NA,NA,NA,"Second",50,80
"735",50,"80_50",50,"dax",4,1,"click",NA,1,NA,NA,NA,"Second",50,80
"736",50,"80_50",51,"toma",2,0,"click",NA,1,NA,NA,NA,"Second",50,80
"737",50,"80_50",52,"kiv",1,NA,"click",NA,1,NA,NA,NA,"Second",50,80
"738",50,"80_50",53,"fep",4,1,"click",NA,1,NA,NA,NA,"Second",50,80
"739",51,"80_50",36,"wug",4,1,"click",NA,1,NA,NA,NA,"First",50,80
"740",51,"80_50",37,"manu",4,1,"click",NA,1,NA,NA,NA,"First",50,80
"741",51,"80_50",38,"kiv",1,NA,"click",NA,1,NA,NA,NA,"First",50,80
"742",51,"80_50",39,"dax",2,NA,"click",NA,1,NA,NA,NA,"First",50,80
"743",51,"80_50",40,"blicket",1,NA,"click",NA,1,NA,NA,NA,"First",50,80
"744",51,"80_50",41,"toma",2,NA,"click",NA,1,NA,NA,NA,"First",50,80
"745",51,"80_50",42,"manu",4,1,"click",NA,1,NA,NA,NA,"Second",50,80
"746",51,"80_50",43,"kreeb",2,NA,"click",NA,1,NA,NA,NA,"First",50,80
"747",51,"80_50",44,"wug",4,1,"click",NA,1,NA,NA,NA,"Second",50,80
"748",51,"80_50",45,"dax",2,NA,"click",NA,1,NA,NA,NA,"Second",50,80
"749",51,"80_50",46,"fep",4,NA,"click",NA,1,NA,NA,NA,"First",50,80
"750",51,"80_50",47,"kreeb",2,NA,"click",NA,1,NA,NA,NA,"Second",50,80
"751",51,"80_50",48,"toma",2,NA,"click",NA,1,NA,NA,NA,"Second",50,80
"752",51,"80_50",49,"gazzer",1,NA,"click",NA,1,NA,NA,NA,"First",50,80
"753",51,"80_50",50,"fep",4,NA,"click",NA,1,NA,NA,NA,"Second",50,80
"754",51,"80_50",51,"blicket",1,NA,"click",NA,1,NA,NA,NA,"Second",50,80
"755",51,"80_50",52,"kiv",1,NA,"click",NA,1,NA,NA,NA,"Second",50,80
"756",51,"80_50",53,"gazzer",1,NA,"click",NA,1,NA,NA,NA,"Second",50,80
"757",52,"80_50",36,"kreeb",1,NA,"click",NA,1,NA,NA,NA,"First",50,80
"758",52,"80_50",37,"manu",4,1,"label","manu",1,"manu",0,1,"First",50,80
"759",52,"80_50",38,"wug",4,1,"label","wug",1,"wug",0,1,"First",50,80
"760",52,"80_50",39,"dax",2,1,"label","dax",1,"dax",0,1,"First",50,80
"761",52,"80_50",40,"wug",4,1,"label","wug",1,"wug",0,1,"Second",50,80
"762",52,"80_50",41,"fep",2,1,"label","fep",1,"fep",0,1,"First",50,80
"763",52,"80_50",42,"kiv",2,0,"click",NA,1,NA,NA,NA,"First",50,80
"764",52,"80_50",43,"fep",2,1,"label","fep",1,"fep",0,1,"Second",50,80
"765",52,"80_50",44,"gazzer",1,NA,"click",NA,1,NA,NA,NA,"First",50,80
"766",52,"80_50",45,"kiv",2,0,"click",NA,1,NA,NA,NA,"Second",50,80
"767",52,"80_50",46,"dax",2,1,"label","dax",1,"dax",0,1,"Second",50,80
"768",52,"80_50",47,"kreeb",1,NA,"click",NA,1,NA,NA,NA,"Second",50,80
"769",52,"80_50",48,"gazzer",1,NA,"click",NA,1,NA,NA,NA,"Second",50,80
"770",52,"80_50",49,"manu",4,1,"label","manu",1,"manu",0,1,"Second",50,80
"771",52,"80_50",50,"blicket",1,NA,"click",NA,1,NA,NA,NA,"First",50,80
"772",52,"80_50",51,"toma",4,1,"label","toma",1,"toma",0,1,"First",50,80
"773",52,"80_50",52,"blicket",1,NA,"click",NA,1,NA,NA,NA,"Second",50,80
"774",52,"80_50",53,"toma",4,1,"label","toma",1,"toma",0,1,"Second",50,80
"775",53,"80_50",36,"manu",4,1,"label","manu",1,"manu",0,1,"First",50,80
"776",53,"80_50",37,"blicket",1,NA,"click",NA,1,NA,NA,NA,"First",50,80
"777",53,"80_50",38,"wug",4,1,"label","wug",1,"wug",0,1,"First",50,80
"778",53,"80_50",39,"kreeb",2,1,"label","kreeb",1,"kreeb",0,1,"First",50,80
"779",53,"80_50",40,"fep",4,1,"label","fep",1,"fep",0,1,"First",50,80
"780",53,"80_50",41,"kreeb",2,1,"label","kreeb",1,"kreeb",0,1,"Second",50,80
"781",53,"80_50",42,"toma",2,1,"label","toma",1,"toma",0,1,"First",50,80
"782",53,"80_50",43,"dax",1,NA,"click",NA,1,NA,NA,NA,"First",50,80
"783",53,"80_50",44,"kiv",1,NA,"click",NA,1,NA,NA,NA,"First",50,80
"784",53,"80_50",45,"toma",2,1,"label","toma",1,"toma",0,1,"Second",50,80
"785",53,"80_50",46,"gazzer",2,1,"label","glazzer",1,"gazzer",1,1,"First",50,80
"786",53,"80_50",47,"manu",4,1,"label","manu",1,"manu",0,1,"Second",50,80
"787",53,"80_50",48,"dax",1,NA,"click",NA,1,NA,NA,NA,"Second",50,80
"788",53,"80_50",49,"blicket",1,NA,"click",NA,1,NA,NA,NA,"Second",50,80
"789",53,"80_50",50,"fep",4,1,"label","fep",1,"fep",0,1,"Second",50,80
"790",53,"80_50",51,"gazzer",2,1,"label","glazzer",1,"gazzer",1,1,"Second",50,80
"791",53,"80_50",52,"wug",4,1,"label","wug",1,"wug",0,1,"Second",50,80
"792",53,"80_50",53,"kiv",1,NA,"click",NA,1,NA,NA,NA,"Second",50,80
"793",54,"80_50",36,"toma",2,1,"label","toma",1,"toma",0,1,"First",50,80
"794",54,"80_50",37,"kiv",1,1,"label","kiv",1,"kiv",0,1,"First",50,80
"795",54,"80_50",38,"manu",2,1,"label","manu",1,"manu",0,1,"First",50,80
"796",54,"80_50",39,"wug",4,1,"label","wug",1,"wug",0,1,"First",50,80
"797",54,"80_50",40,"gazzer",4,1,"click",NA,1,NA,NA,NA,"First",50,80
"798",54,"80_50",41,"fep",1,NA,"label","weg",0,"wug",1,0,"First",50,80
"799",54,"80_50",42,"dax",4,1,"label","dax",1,"dax",0,1,"First",50,80
"800",54,"80_50",43,"manu",2,1,"label","manu",1,"manu",0,1,"Second",50,80
"801",54,"80_50",44,"blicket",1,NA,"click",NA,1,NA,NA,NA,"First",50,80
"802",54,"80_50",45,"kiv",1,1,"label","kiv",1,"kiv",0,1,"Second",50,80
"803",54,"80_50",46,"kreeb",2,1,"label","kreeg",1,"kreeb",1,1,"First",50,80
"804",54,"80_50",47,"blicket",1,NA,"click",NA,1,NA,NA,NA,"Second",50,80
"805",54,"80_50",48,"wug",4,1,"label","wug",1,"wug",0,1,"Second",50,80
"806",54,"80_50",49,"fep",1,NA,"click",NA,1,NA,NA,NA,"Second",50,80
"807",54,"80_50",50,"toma",2,1,"label","toma",1,"toma",0,1,"Second",50,80
"808",54,"80_50",51,"gazzer",4,1,"click",NA,1,NA,NA,NA,"Second",50,80
"809",54,"80_50",52,"kreeb",2,1,"label","kreeg",1,"kreeb",1,1,"Second",50,80
"810",54,"80_50",53,"dax",4,1,"label","dax",1,"dax",0,1,"Second",50,80
"811",55,"80_50",36,"dax",2,1,"label","dax",1,"dax",0,1,"First",50,80
"812",55,"80_50",37,"gazzer",1,1,"label","gazzer",1,"gazzer",0,1,"First",50,80
"813",55,"80_50",38,"kreeb",1,NA,"click",NA,1,NA,NA,NA,"First",50,80
"814",55,"80_50",39,"kiv",4,1,"label","kiz",1,"kiv",1,1,"First",50,80
"815",55,"80_50",40,"blicket",1,NA,"click",NA,1,NA,NA,NA,"First",50,80
"816",55,"80_50",41,"fep",2,1,"label","fep",1,"fep",0,1,"First",50,80
"817",55,"80_50",42,"manu",4,1,"label","manu",1,"manu",0,1,"First",50,80
"818",55,"80_50",43,"gazzer",1,1,"label","gazzer",1,"gazzer",0,1,"Second",50,80
"819",55,"80_50",44,"toma",4,1,"label","toma",1,"toma",0,1,"First",50,80
"820",55,"80_50",45,"dax",2,1,"label","dax",1,"dax",0,1,"Second",50,80
"821",55,"80_50",46,"blicket",1,NA,"click",NA,1,NA,NA,NA,"Second",50,80
"822",55,"80_50",47,"fep",2,1,"label","fep",1,"fep",0,1,"Second",50,80
"823",55,"80_50",48,"wug",2,1,"label","wug",1,"wug",0,1,"First",50,80
"824",55,"80_50",49,"kreeb",1,NA,"click",NA,1,NA,NA,NA,"Second",50,80
"825",55,"80_50",50,"wug",2,1,"label","wug",1,"wug",0,1,"Second",50,80
"826",55,"80_50",51,"toma",4,1,"label","toma",1,"toma",0,1,"Second",50,80
"827",55,"80_50",52,"manu",4,1,"label","manu",1,"manu",0,1,"Second",50,80
"828",55,"80_50",53,"kiv",4,1,"label","kiz",1,"kiv",1,1,"Second",50,80
"829",56,"80_50",36,"wug",1,NA,"label","wug",1,"wug",0,1,"First",50,80
"830",56,"80_50",37,"dax",1,NA,"label","dax",1,"dax",0,1,"First",50,80
"831",56,"80_50",38,"wug",1,NA,"label","wug",1,"wug",0,1,"Second",50,80
"832",56,"80_50",39,"kreeb",4,NA,"click",NA,1,NA,NA,NA,"First",50,80
"833",56,"80_50",40,"gazzer",2,1,"label","gazzer",1,"gazzer",0,1,"First",50,80
"834",56,"80_50",41,"blicket",4,1,"label","blicket",1,"blicket",0,1,"First",50,80
"835",56,"80_50",42,"dax",1,NA,"click",NA,1,NA,NA,NA,"Second",50,80
"836",56,"80_50",43,"kiv",2,1,"click",NA,1,NA,NA,NA,"First",50,80
"837",56,"80_50",44,"manu",2,1,"label","manu",1,"manu",0,1,"First",50,80
"838",56,"80_50",45,"fep",4,0,"click",NA,1,NA,NA,NA,"First",50,80
"839",56,"80_50",46,"manu",2,1,"label","manu",1,"manu",0,1,"Second",50,80
"840",56,"80_50",47,"toma",1,1,"label","toma",1,"toma",0,1,"First",50,80
"841",56,"80_50",48,"kreeb",4,NA,"click",NA,1,NA,NA,NA,"Second",50,80
"842",56,"80_50",49,"fep",4,0,"label","wug",0,"wug",0,0,"Second",50,80
"843",56,"80_50",50,"toma",1,1,"label","toma",1,"toma",0,1,"Second",50,80
"844",56,"80_50",51,"kiv",2,1,"click",NA,1,NA,NA,NA,"Second",50,80
"845",56,"80_50",52,"gazzer",2,1,"label","gazzer",1,"gazzer",0,1,"Second",50,80
"846",56,"80_50",53,"blicket",4,1,"label","blicket",1,"blicket",0,1,"Second",50,80
"847",57,"80_50",36,"manu",1,NA,"click",NA,1,NA,NA,NA,"First",50,80
"848",57,"80_50",37,"blicket",2,NA,"click",NA,1,NA,NA,NA,"First",50,80
"849",57,"80_50",38,"kreeb",4,NA,"click",NA,1,NA,NA,NA,"First",50,80
"850",57,"80_50",39,"wug",1,NA,"click",NA,1,NA,NA,NA,"First",50,80
"851",57,"80_50",40,"dax",2,NA,"click",NA,1,NA,NA,NA,"First",50,80
"852",57,"80_50",41,"toma",4,NA,"click",NA,1,NA,NA,NA,"First",50,80
"853",57,"80_50",42,"manu",1,NA,"click",NA,1,NA,NA,NA,"Second",50,80
"854",57,"80_50",43,"kreeb",4,NA,"click",NA,1,NA,NA,NA,"Second",50,80
"855",57,"80_50",44,"toma",4,NA,"click",NA,1,NA,NA,NA,"Second",50,80
"856",57,"80_50",45,"blicket",2,NA,"click",NA,1,NA,NA,NA,"Second",50,80
"857",57,"80_50",46,"gazzer",1,NA,"click",NA,1,NA,NA,NA,"First",50,80
"858",57,"80_50",47,"fep",2,NA,"click",NA,1,NA,NA,NA,"First",50,80
"859",57,"80_50",48,"kiv",4,NA,"click",NA,1,NA,NA,NA,"First",50,80
"860",57,"80_50",49,"fep",2,NA,"click",NA,1,NA,NA,NA,"Second",50,80
"861",57,"80_50",50,"gazzer",1,NA,"click",NA,1,NA,NA,NA,"Second",50,80
"862",57,"80_50",51,"wug",1,NA,"click",NA,1,NA,NA,NA,"Second",50,80
"863",57,"80_50",52,"kiv",4,NA,"click",NA,1,NA,NA,NA,"Second",50,80
"864",57,"80_50",53,"dax",2,NA,"click",NA,1,NA,NA,NA,"Second",50,80
"865",58,"80_50",36,"gazzer",2,1,"click",NA,1,NA,NA,NA,"First",50,80
"866",58,"80_50",37,"dax",4,1,"click",NA,1,NA,NA,NA,"First",50,80
"867",58,"80_50",38,"kiv",2,1,"label","kiv",1,"kiv",0,1,"First",50,80
"868",58,"80_50",39,"wug",1,NA,"click",NA,1,NA,NA,NA,"First",50,80
"869",58,"80_50",40,"manu",1,NA,"click",NA,1,NA,NA,NA,"First",50,80
"870",58,"80_50",41,"kiv",2,1,"label","kiv",1,"kiv",0,1,"Second",50,80
"871",58,"80_50",42,"kreeb",1,0,"click",NA,1,NA,NA,NA,"First",50,80
"872",58,"80_50",43,"manu",1,NA,"click",NA,1,NA,NA,NA,"Second",50,80
"873",58,"80_50",44,"dax",4,1,"click",NA,1,NA,NA,NA,"Second",50,80
"874",58,"80_50",45,"blicket",4,1,"label","blicket",1,"blicket",0,1,"First",50,80
"875",58,"80_50",46,"kreeb",1,0,"click",NA,1,NA,NA,NA,"Second",50,80
"876",58,"80_50",47,"toma",4,1,"click",NA,1,NA,NA,NA,"First",50,80
"877",58,"80_50",48,"gazzer",2,1,"click",NA,1,NA,NA,NA,"Second",50,80
"878",58,"80_50",49,"wug",1,NA,"click",NA,1,NA,NA,NA,"Second",50,80
"879",58,"80_50",50,"fep",2,1,"click",NA,1,NA,NA,NA,"First",50,80
"880",58,"80_50",51,"toma",4,1,"click",NA,1,NA,NA,NA,"Second",50,80
"881",58,"80_50",52,"blicket",4,1,"label","blicket",1,"blicket",0,1,"Second",50,80
"882",58,"80_50",53,"fep",2,1,"click",NA,1,NA,NA,NA,"Second",50,80
"883",59,"80_50",36,"wug",1,NA,"click",NA,1,NA,NA,NA,"First",50,80
"884",59,"80_50",37,"manu",2,1,"click",NA,1,NA,NA,NA,"First",50,80
"885",59,"80_50",38,"gazzer",4,1,"label","gazzer",1,"gazzer",0,1,"First",50,80
"886",59,"80_50",39,"wug",1,NA,"click",NA,1,NA,NA,NA,"Second",50,80
"887",59,"80_50",40,"fep",4,NA,"click",NA,1,NA,NA,NA,"First",50,80
"888",59,"80_50",41,"blicket",2,NA,"click",NA,1,NA,NA,NA,"First",50,80
"889",59,"80_50",42,"dax",1,NA,"click",NA,1,NA,NA,NA,"First",50,80
"890",59,"80_50",43,"fep",4,NA,"click",NA,1,NA,NA,NA,"Second",50,80
"891",59,"80_50",44,"kiv",4,NA,"click",NA,1,NA,NA,NA,"First",50,80
"892",59,"80_50",45,"toma",2,NA,"click",NA,1,NA,NA,NA,"First",50,80
"893",59,"80_50",46,"kreeb",1,NA,"click",NA,1,NA,NA,NA,"First",50,80
"894",59,"80_50",47,"gazzer",4,1,"label","gazzer",1,"gazzer",0,1,"Second",50,80
"895",59,"80_50",48,"blicket",2,NA,"click",NA,1,NA,NA,NA,"Second",50,80
"896",59,"80_50",49,"dax",1,NA,"click",NA,1,NA,NA,NA,"Second",50,80
"897",59,"80_50",50,"kreeb",1,NA,"click",NA,1,NA,NA,NA,"Second",50,80
"898",59,"80_50",51,"toma",2,NA,"click",NA,1,NA,NA,NA,"Second",50,80
"899",59,"80_50",52,"kiv",4,NA,"click",NA,1,NA,NA,NA,"Second",50,80
"900",59,"80_50",53,"manu",2,1,"click",NA,1,NA,NA,NA,"Second",50,80
"901",60,"80_50",36,"dax",4,NA,"label","dem",1,"fep",2,0,"First",50,80
"902",60,"80_50",37,"toma",4,1,"label","toma",1,"toma",0,1,"First",50,80
"903",60,"80_50",38,"gazzer",2,NA,"click",NA,1,NA,NA,NA,"First",50,80
"904",60,"80_50",39,"manu",2,1,"label","muze",0,"manu",3,1,"First",50,80
"905",60,"80_50",40,"fep",1,NA,"label","fip",1,"fep",1,1,"First",50,80
"906",60,"80_50",41,"kiv",2,1,"label","bip",1,"kiv",2,1,"First",50,80
"907",60,"80_50",42,"toma",4,1,"label","toma",1,"toma",0,1,"Second",50,80
"908",60,"80_50",43,"wug",1,NA,"click",NA,1,NA,NA,NA,"First",50,80
"909",60,"80_50",44,"dax",4,NA,"label","dem",0,"fep",2,0,"Second",50,80
"910",60,"80_50",45,"kreeb",4,1,"label","kaaub",0,"manu",3,0,"First",50,80
"911",60,"80_50",46,"kiv",2,1,"label","bip",1,"kiv",2,1,"Second",50,80
"912",60,"80_50",47,"fep",1,NA,"label","fip",1,"fep",1,1,"Second",50,80
"913",60,"80_50",48,"blicket",1,1,"label","blippet",1,"blicket",2,1,"First",50,80
"914",60,"80_50",49,"manu",2,1,"label","muzo",0,"wug",3,0,"Second",50,80
"915",60,"80_50",50,"kreeb",4,1,"click",NA,1,NA,NA,NA,"Second",50,80
"916",60,"80_50",51,"gazzer",2,NA,"click",NA,1,NA,NA,NA,"Second",50,80
"917",60,"80_50",52,"blicket",1,1,"label","blippet",1,"blicket",2,1,"Second",50,80
"918",60,"80_50",53,"wug",1,NA,"click",NA,1,NA,NA,NA,"Second",50,80
